Distance since Last Update,Number of blue Nodes,Average Distance,Average Hierarchical distance,Is Affected,Score
0.0,12.0,4099.895211185513,1.8333334,0.0,0.0
0.0,12.0,3293.0107556200787,1.8333334,0.0,0.0
0.0,12.0,3819.3718177531496,1.8333334,0.0,0.0
0.0,12.0,3246.267507047094,1.75,1.0,0.0
0.0,12.0,3246.267507047094,1.75,0.0,0.0
0.0,12.0,4099.895211185513,1.8333334,1.0,0.0
0.0,12.0,3293.0107556200787,1.8333334,1.0,0.0
0.0,12.0,3819.3718177531496,1.8333334,1.0,0.0
0.0,12.0,3105.7635863103333,2.75,1.0,0.0
0.0,12.0,3105.7635863103333,2.75,0.0,0.0
105.67846671386262,12.0,5516.827078523974,2.75,1.0,0.0
105.67846671386262,12.0,5516.827078523974,2.75,0.0,0.00387
116.47105558999455,12.0,3998.443415026044,2.75,1.0,0.0
116.47105558999455,12.0,3998.443415026044,2.75,0.0,0.12616
0.0,12.0,5052.627133283487,2.75,1.0,0.0
0.0,12.0,5052.627133283487,2.75,0.0,0.0
197.77430679775182,12.0,5161.5012373258,2.75,1.0,0.0
197.77430679775182,12.0,5161.5012373258,2.75,0.0,0.01599
0.0,12.0,3430.7210993960375,2.75,1.0,0.0
0.0,12.0,3430.7210993960375,2.75,0.0,0.0
0.0,12.0,2975.127326573996,2.75,1.0,0.0
0.0,12.0,2975.127326573996,2.75,0.0,0.0
181.68541560741073,12.0,3876.9214498102083,2.75,1.0,0.0
181.68541560741073,12.0,3876.9214498102083,2.75,0.0,0.2581
29.599088103597865,12.0,3826.168253566817,2.75,1.0,0.0
29.599088103597865,12.0,3826.168253566817,2.75,0.0,0.04709
0.0,12.0,4114.93617506727,1.8333334,1.0,0.0
0.0,12.0,4114.93617506727,1.8333334,0.0,0.0
0.0,12.0,3312.0640738588304,1.8333334,1.0,0.0
0.0,12.0,3312.0640738588304,1.8333334,0.0,0.0
0.0,12.0,3820.072300231311,1.8333334,1.0,0.0
0.0,12.0,3820.072300231311,1.8333334,0.0,0.0
0.0,12.0,3104.7670168645886,2.75,1.0,0.0
0.0,12.0,3104.7670168645886,2.75,0.0,0.0
105.67845423864193,12.0,5628.650275418495,2.75,1.0,0.0
105.67845423864193,12.0,5628.650275418495,2.75,0.0,0.00301
116.4710706193201,12.0,3938.4759136116168,2.75,1.0,0.0
116.4710706193201,12.0,3938.4759136116168,2.75,0.0,0.14422
0.0,12.0,5063.500448453417,2.75,1.0,0.0
0.0,12.0,5063.500448453417,2.75,0.0,0.0
99.75281451169593,12.0,5244.91379157157,2.75,1.0,0.0
99.75281451169593,12.0,5244.91379157157,2.75,0.0,0.00669
0.0,12.0,2962.937733847752,2.75,1.0,0.0
0.0,12.0,2962.937733847752,2.75,0.0,0.0
181.6853870395955,12.0,3771.280349522798,2.75,1.0,0.0
181.6853870395955,12.0,3771.280349522798,2.75,0.0,0.32671
147.9954358400647,12.0,3888.8224042245115,2.75,1.0,0.0
147.9954358400647,12.0,3888.8224042245115,2.75,0.0,0.20473
0.0,12.0,3260.954776323719,1.75,1.0,0.0
0.0,12.0,3260.954776323719,1.75,0.0,0.0
0.0,12.0,4132.251410549552,1.8333334,1.0,0.0
0.0,12.0,4132.251410549552,1.8333334,0.0,0.0
0.0,12.0,3303.380833442083,1.8333334,1.0,0.0
0.0,12.0,3303.380833442083,1.8333334,0.0,0.0
0.0,12.0,3797.80528035602,1.8333334,1.0,0.0
0.0,12.0,3797.80528035602,1.8333334,0.0,0.0
0.0,12.0,3103.77592870911,2.75,1.0,0.0
0.0,12.0,3103.77592870911,2.75,0.0,0.0
105.67844176969506,12.0,5740.5883203793555,2.75,1.0,0.0
105.67844176969506,12.0,5740.5883203793555,2.75,0.0,0.00235
116.47108564644329,12.0,3879.7346111482025,2.75,1.0,0.0
116.47108564644329,12.0,3879.7346111482025,2.75,0.0,0.16442
206.53101173850357,12.0,5249.474770810025,2.75,1.0,0.0
206.53101173850357,12.0,5249.474770810025,2.75,0.0,0.01372
0.0,12.0,3432.9617380903396,2.75,1.0,0.0
0.0,12.0,3432.9617380903396,2.75,0.0,0.0
101.03155994071761,12.0,2951.7079016559,2.75,1.0,0.0
101.03155994071761,12.0,2951.7079016559,2.75,0.0,1.13122
18.16853713304757,12.0,3767.624522014658,2.75,1.0,0.0
18.16853713304757,12.0,3767.624522014658,2.75,0.0,0.03294
147.995428059541,12.0,3957.2111992968453,2.75,1.0,0.0
147.995428059541,12.0,3957.2111992968453,2.75,0.0,0.17575
0.0,12.0,3258.5053814874404,1.75,1.0,0.0
0.0,12.0,3258.5053814874404,1.75,0.0,0.0
0.0,12.0,4149.749459465745,1.8333334,1.0,0.0
0.0,12.0,4149.749459465745,1.8333334,0.0,0.0
0.0,12.0,3314.536469492541,1.8333334,1.0,0.0
0.0,12.0,3314.536469492541,1.8333334,0.0,0.0
0.0,12.0,3783.363735945484,1.8333334,1.0,0.0
0.0,12.0,3783.363735945484,1.8333334,0.0,0.0
0.0,12.0,3102.7899369740044,2.75,1.0,0.0
0.0,12.0,3102.7899369740044,2.75,0.0,0.0
73.9749018184442,12.0,5821.902798939806,2.75,1.0,0.0
73.9749018184442,12.0,5821.902798939806,2.75,0.0,0.00137
81.5297688949106,12.0,3839.1410794245853,2.75,1.0,0.0
81.5297688949106,12.0,3839.1410794245853,2.75,0.0,0.12601
0.0,12.0,5052.6004489146635,2.75,1.0,0.0
0.0,12.0,5052.6004489146635,2.75,0.0,0.0
146.8793945866965,12.0,5257.8759525191645,2.75,1.0,0.0
146.8793945866965,12.0,5257.8759525191645,2.75,0.0,0.00958
87.60918476262785,12.0,3479.510541741294,2.75,1.0,0.0
87.60918476262785,12.0,3479.510541741294,2.75,0.0,0.3021
126.28944881927428,12.0,2955.6692886926007,2.75,1.0,0.0
126.28944881927428,12.0,2955.6692886926007,2.75,0.0,1.40157
0.0,12.0,3772.4507552829887,2.75,1.0,0.0
0.0,12.0,3772.4507552829887,2.75,0.0,0.0
147.99542027801843,12.0,4027.121097147837,2.75,1.0,0.0
147.99542027801843,12.0,4027.121097147837,2.75,0.0,0.15037
0.0,12.0,4162.2595331368975,1.8333334,1.0,0.0
0.0,12.0,4162.2595331368975,1.8333334,0.0,0.0
0.0,12.0,3319.2363108329014,1.8333334,1.0,0.0
0.0,12.0,3319.2363108329014,1.8333334,0.0,0.0
0.0,12.0,3771.87867119827,1.8333334,1.0,0.0
0.0,12.0,3771.87867119827,1.8333334,0.0,0.0
0.0,12.0,3102.102594749089,2.75,1.0,0.0
0.0,12.0,3102.102594749089,2.75,0.0,0.0
0.0,12.0,5828.654416204514,2.75,1.0,0.0
0.0,12.0,5828.654416204514,2.75,0.0,0.0
0.0,12.0,3839.1410794245853,2.75,1.0,0.0
0.0,12.0,3839.1410794245853,2.75,0.0,0.0
18.430950452679607,12.0,5046.834340845584,2.75,1.0,0.0
18.430950452679607,12.0,5046.834340845584,2.75,0.0,0.00192
54.90719742811344,12.0,5294.376878818348,2.75,1.0,0.0
54.90719742811344,12.0,5294.376878818348,2.75,0.0,0.0033
121.31293191296112,12.0,3551.58377107377,2.75,1.0,0.0
121.31293191296112,12.0,3551.58377107377,2.75,0.0,0.35617
126.28944760032984,12.0,2965.226598279536,2.75,1.0,0.0
126.28944760032984,12.0,2965.226598279536,2.75,0.0,1.372
0.0,12.0,3777.489080523412,2.75,1.0,0.0
0.0,12.0,3777.489080523412,2.75,0.0,0.0
29.599083122550052,12.0,4034.682430504881,2.75,1.0,0.0
29.599083122550052,12.0,4034.682430504881,2.75,0.0,0.02957
0.0,12.0,3265.7912231173236,1.75,1.0,0.0
0.0,12.0,3265.7912231173236,1.75,0.0,0.0
0.0,12.0,4147.115152191748,1.8333334,1.0,0.0
0.0,12.0,4147.115152191748,1.8333334,0.0,0.0
0.0,12.0,3348.8732854610794,1.8333334,1.0,0.0
0.0,12.0,3348.8732854610794,1.8333334,0.0,0.0
0.0,12.0,3782.8700208099217,1.8333334,1.0,0.0
0.0,12.0,3782.8700208099217,1.8333334,0.0,0.0
81.48618100216255,12.0,3079.574319285313,2.75,1.0,0.0
81.48618100216255,12.0,3079.574319285313,2.75,0.0,0.68589
0.0,12.0,5838.202728306748,2.75,1.0,0.0
0.0,12.0,5838.202728306748,2.75,0.0,0.0
0.0,12.0,3848.4536736412797,2.75,1.0,0.0
0.0,12.0,3848.4536736412797,2.75,0.0,0.0
202.74047350232695,12.0,5132.765607281324,2.75,1.0,0.0
202.74047350232695,12.0,5132.765607281324,2.75,0.0,0.01747
150.3037191114981,12.0,5368.320900263517,2.75,1.0,0.0
150.3037191114981,12.0,5368.320900263517,2.75,0.0,0.00766
121.31293055042265,12.0,3656.486707940683,2.75,1.0,0.0
121.31293055042265,12.0,3656.486707940683,2.75,0.0,0.28183
126.28944637681732,12.0,2981.825038786403,2.75,1.0,0.0
126.28944637681732,12.0,2981.825038786403,2.75,0.0,1.32211
0.0,12.0,3787.3455630572857,2.75,1.0,0.0
0.0,12.0,3787.3455630572857,2.75,0.0,0.0
0.0,12.0,4041.7682106467823,2.75,1.0,0.0
0.0,12.0,4041.7682106467823,2.75,0.0,0.0
0.0,12.0,3283.8682256546454,1.75,1.0,0.0
0.0,12.0,3283.8682256546454,1.75,0.0,0.0
0.0,12.0,4153.3335694823245,1.8333334,1.0,0.0
0.0,12.0,4153.3335694823245,1.8333334,0.0,0.0
0.0,12.0,3364.0409657424702,1.8333334,1.0,0.0
0.0,12.0,3364.0409657424702,1.8333334,0.0,0.0
0.0,12.0,3781.6771484322767,1.8333334,1.0,0.0
0.0,12.0,3781.6771484322767,1.8333334,0.0,0.0
120.70240015027339,12.0,3070.3975942390375,2.75,1.0,0.0
120.70240015027339,12.0,3070.3975942390375,2.75,0.0,1.03701
0.0,12.0,5846.041530629718,2.75,1.0,0.0
0.0,12.0,5846.041530629718,2.75,0.0,0.0
0.0,12.0,3856.532230556413,2.75,1.0,0.0
0.0,12.0,3856.532230556413,2.75,0.0,0.0
184.30955672972698,12.0,5231.241507239235,2.75,1.0,0.0
184.30955672972698,12.0,5231.241507239235,2.75,0.0,0.01275
150.30372984356364,12.0,5440.318507276074,2.75,1.0,0.0
150.30372984356364,12.0,5440.318507276074,2.75,0.0,0.00652
121.31292918552082,12.0,3756.8023914191303,2.75,1.0,0.0
121.31292918552082,12.0,3756.8023914191303,2.75,0.0,0.22531
252.57889153599405,12.0,2992.9858249971185,2.75,1.0,0.0
252.57889153599405,12.0,2992.9858249971185,2.75,0.0,2.57919
0.0,12.0,3773.4685225982994,2.75,1.0,0.0
0.0,12.0,3773.4685225982994,2.75,0.0,0.0
130.88724672003934,12.0,4025.057238588488,2.75,1.0,0.0
130.88724672003934,12.0,4025.057238588488,2.75,0.0,0.1336
0.0,12.0,3291.442250533047,1.75,1.0,0.0
0.0,12.0,3291.442250533047,1.75,0.0,0.0
0.0,12.0,4161.198932218066,1.8333334,1.0,0.0
0.0,12.0,4161.198932218066,1.8333334,0.0,0.0
0.0,12.0,3397.39861389818,1.8333334,1.0,0.0
0.0,12.0,3397.39861389818,1.8333334,0.0,0.0
0.0,12.0,3783.956905904963,1.8333334,1.0,0.0
0.0,12.0,3783.956905904963,1.8333334,0.0,0.0
123.04020088111356,12.0,3069.678536739688,2.75,1.0,0.0
123.04020088111356,12.0,3069.678536739688,2.75,0.0,1.05879
0.0,12.0,5857.670470232737,2.75,1.0,0.0
0.0,12.0,5857.670470232737,2.75,0.0,0.0
0.0,12.0,3868.61499453736,2.75,1.0,0.0
0.0,12.0,3868.61499453736,2.75,0.0,0.0
184.3095904072802,12.0,5331.894464256802,2.75,1.0,0.0
184.3095904072802,12.0,5331.894464256802,2.75,0.0,0.01019
150.30374056801259,12.0,5517.368802948648,2.75,1.0,0.0
150.30374056801259,12.0,5517.368802948648,2.75,0.0,0.00549
121.31292782510921,12.0,3837.9618542935327,2.75,1.0,0.0
121.31292782510921,12.0,3837.9618542935327,2.75,0.0,0.18799
126.28944394331654,12.0,3020.9234010860796,2.75,1.0,0.0
126.28944394331654,12.0,3020.9234010860796,2.75,0.0,1.21165
32.38902782730891,12.0,3760.00565867231,2.75,1.0,0.0
32.38902782730891,12.0,3760.00565867231,2.75,0.0,0.05973
0.0,12.0,4032.425470417034,2.75,1.0,0.0
0.0,12.0,4032.425470417034,2.75,0.0,0.0
0.0,12.0,3309.4818743965934,1.75,1.0,0.0
0.0,12.0,3309.4818743965934,1.75,0.0,0.0
0.0,12.0,4173.999481037494,1.8333334,1.0,0.0
0.0,12.0,4173.999481037494,1.8333334,0.0,0.0
0.0,12.0,3420.3259743001977,1.8333334,1.0,0.0
0.0,12.0,3420.3259743001977,1.8333334,0.0,0.0
0.0,12.0,3792.5592142348287,1.8333334,1.0,0.0
0.0,12.0,3792.5592142348287,1.8333334,0.0,0.0
146.04458851496113,12.0,3053.9629091647453,2.75,1.0,0.0
146.04458851496113,12.0,3053.9629091647453,2.75,0.0,1.3016
0.0,12.0,5859.450297552117,2.75,1.0,0.0
0.0,12.0,5859.450297552117,2.75,0.0,0.0
0.0,12.0,3870.9214161693376,2.75,1.0,0.0
0.0,12.0,3870.9214161693376,2.75,0.0,0.0
139.57030716342277,12.0,5386.487314205052,2.75,1.0,0.0
139.57030716342277,12.0,5386.487314205052,2.75,0.0,0.00683
300.60749186184654,12.0,5594.709732712112,2.75,1.0,0.0
300.60749186184654,12.0,5594.709732712112,2.75,0.0,0.00924
121.31292645915455,12.0,3944.4788277396906,2.75,1.0,0.0
121.31292645915455,12.0,3944.4788277396906,2.75,0.0,0.14822
178.58295025617085,12.0,2993.0472827150347,2.75,1.0,0.0
178.58295025617085,12.0,2993.0472827150347,2.75,0.0,1.82333
161.9451433275967,12.0,3690.230847281003,2.75,1.0,0.0
161.9451433275967,12.0,3690.230847281003,2.75,0.0,0.34894
0.0,12.0,4028.745482794299,2.75,1.0,0.0
0.0,12.0,4028.745482794299,2.75,0.0,0.0
0.0,12.0,3312.2377389580706,1.75,1.0,0.0
0.0,12.0,3312.2377389580706,1.75,0.0,0.0
0.0,12.0,4189.784629339231,1.8333334,1.0,0.0
0.0,12.0,4189.784629339231,1.8333334,0.0,0.0
0.0,12.0,3447.50980431041,1.8333334,1.0,0.0
0.0,12.0,3447.50980431041,1.8333334,0.0,0.0
0.0,12.0,3787.5029457241158,1.8333334,1.0,0.0
0.0,12.0,3787.5029457241158,1.8333334,0.0,0.0
14.604459781234647,12.0,3053.5151010221234,2.75,1.0,0.0
14.604459781234647,12.0,3053.5151010221234,2.75,0.0,0.13029
109.66594178822506,12.0,5762.418444978986,2.75,1.0,0.0
109.66594178822506,12.0,5762.418444978986,2.75,0.0,0.00232
0.0,12.0,3863.3013522323668,2.75,1.0,0.0
0.0,12.0,3863.3013522323668,2.75,0.0,0.0
172.2381961041762,12.0,5265.999619321558,2.75,1.0,0.0
172.2381961041762,12.0,5265.999619321558,2.75,0.0,0.01103
150.30376203029337,12.0,5683.277784452585,2.75,1.0,0.0
150.30376203029337,12.0,5683.277784452585,2.75,0.0,0.00379
40.09256679219764,12.0,3968.70250946799,2.75,1.0,0.0
40.09256679219764,12.0,3968.70250946799,2.75,0.0,0.04641
145.92285109691477,12.0,2962.4256010257,2.75,1.0,0.0
145.92285109691477,12.0,2962.4256010257,2.75,0.0,1.59524
161.94515031014757,12.0,3635.0784586405584,2.75,1.0,0.0
161.94515031014757,12.0,3635.0784586405584,2.75,0.0,0.39464
0.0,12.0,4038.671946537443,2.75,1.0,0.0
0.0,12.0,4038.671946537443,2.75,0.0,0.0
0.0,12.0,3314.7908286613033,1.75,1.0,0.0
0.0,12.0,3314.7908286613033,1.75,0.0,0.0
0.0,12.0,4181.196719395308,1.8333334,1.0,0.0
0.0,12.0,4181.196719395308,1.8333334,0.0,0.0
0.0,12.0,3439.8205506357695,1.8333334,1.0,0.0
0.0,12.0,3439.8205506357695,1.8333334,0.0,0.0
0.0,12.0,3796.631680777704,1.8333334,1.0,0.0
0.0,12.0,3796.631680777704,1.8333334,0.0,0.0
14.53412321502447,12.0,3050.2179973781276,2.75,1.0,0.0
14.53412321502447,12.0,3050.2179973781276,2.75,0.0,0.13062
156.6656523037604,12.0,5622.717761340515,2.75,1.0,0.0
156.6656523037604,12.0,5622.717761340515,2.75,0.0,0.00452
0.0,12.0,3850.8971563436717,2.75,1.0,0.0
0.0,12.0,3850.8971563436717,2.75,0.0,0.0
56.65877235757458,12.0,5231.3118294174155,2.75,1.0,0.0
56.65877235757458,12.0,5231.3118294174155,2.75,0.0,0.00392
53.482535154309524,12.0,5647.2925268809995,2.75,1.0,0.0
53.482535154309524,12.0,5647.2925268809995,2.75,0.0,0.00146
136.25922226059072,12.0,3902.6718033151296,2.75,1.0,0.0
136.25922226059072,12.0,3902.6718033151296,2.75,0.0,0.18276
158.93760582475844,12.0,2933.7681731575517,2.75,1.0,0.0
158.93760582475844,12.0,2933.7681731575517,2.75,0.0,1.85225
161.94515729406254,12.0,3589.057178911861,2.75,1.0,0.0
161.94515729406254,12.0,3589.057178911861,2.75,0.0,0.43732
0.0,12.0,4055.9914161509255,2.75,1.0,0.0
0.0,12.0,4055.9914161509255,2.75,0.0,0.0
0.0,12.0,3317.6040466049913,1.75,1.0,0.0
0.0,12.0,3317.6040466049913,1.75,0.0,0.0
0.0,12.0,4172.125716940486,1.8333334,1.0,0.0
0.0,12.0,4172.125716940486,1.8333334,0.0,0.0
0.0,12.0,3438.7624408896936,1.8333334,1.0,0.0
0.0,12.0,3438.7624408896936,1.8333334,0.0,0.0
0.0,12.0,3826.863936024705,1.8333334,1.0,0.0
0.0,12.0,3826.863936024705,1.8333334,0.0,0.0
145.34123107236888,12.0,3091.0429898517464,2.75,1.0,0.0
145.34123107236888,12.0,3091.0429898517464,2.75,0.0,1.19247
156.6656772186666,12.0,5482.574409551812,2.75,1.0,0.0
156.6656772186666,12.0,5482.574409551812,2.75,0.0,0.00619
0.0,12.0,3838.4750294094447,2.75,1.0,0.0
0.0,12.0,3838.4750294094447,2.75,0.0,0.0
56.65877235757458,12.0,5232.087962988294,2.75,1.0,0.0
56.65877235757458,12.0,5232.087962988294,2.75,0.0,0.00391
100.95601088486693,12.0,5554.132762379265,2.75,1.0,0.0
100.95601088486693,12.0,5554.132762379265,2.75,0.0,0.0034
272.5184546791491,12.0,3829.0585045525845,2.75,1.0,0.0
272.5184546791491,12.0,3829.0585045525845,2.75,0.0,0.43077
158.93762013243392,12.0,2910.438008042818,2.75,1.0,0.0
158.93762013243392,12.0,2910.438008042818,2.75,0.0,1.95123
136.41630866479028,12.0,3671.8050014707405,2.75,1.0,0.0
136.41630866479028,12.0,3671.8050014707405,2.75,0.0,0.30627
0.0,12.0,4058.01675873621,2.75,1.0,0.0
0.0,12.0,4058.01675873621,2.75,0.0,0.0
0.0,12.0,3334.9565794490286,1.75,1.0,0.0
0.0,12.0,3334.9565794490286,1.75,0.0,0.0
0.0,12.0,4181.899620866171,1.8333334,1.0,0.0
0.0,12.0,4181.899620866171,1.8333334,0.0,0.0
0.0,12.0,3397.9013306008364,1.8333334,1.0,0.0
0.0,12.0,3397.9013306008364,1.8333334,0.0,0.0
85.26609760712886,12.0,3833.361986319105,1.8333334,1.0,0.0
85.26609760712886,12.0,3833.361986319105,1.8333334,0.0,0.16379
145.3412291221565,12.0,3136.0630826218858,2.75,1.0,0.0
145.3412291221565,12.0,3136.0630826218858,2.75,0.0,1.0785
156.6657021325167,12.0,5344.021908201473,2.75,1.0,0.0
156.6657021325167,12.0,5344.021908201473,2.75,0.0,0.00843
0.0,12.0,3826.9292366932073,2.75,1.0,0.0
0.0,12.0,3826.9292366932073,2.75,0.0,0.0
0.0,12.0,5210.7802755029725,2.75,1.0,0.0
0.0,12.0,5210.7802755029725,2.75,0.0,0.0
90.86039995128253,12.0,5450.646578082696,2.75,1.0,0.0
90.86039995128253,12.0,5450.646578082696,2.75,0.0,0.00385
136.25924259467473,12.0,3762.2634978737674,2.75,1.0,0.0
136.25924259467473,12.0,3762.2634978737674,2.75,0.0,0.25
158.93763443929325,12.0,2908.82461286296,2.75,1.0,0.0
158.93763443929325,12.0,2908.82461286296,2.75,0.0,1.95827
136.41631920971716,12.0,3759.0072933829447,2.75,1.0,0.0
136.41631920971716,12.0,3759.0072933829447,2.75,0.0,0.25212
0.0,12.0,4062.1279170247376,2.75,1.0,0.0
0.0,12.0,4062.1279170247376,2.75,0.0,0.0
0.0,12.0,3343.772920008419,1.75,1.0,0.0
0.0,12.0,3343.772920008419,1.75,0.0,0.0
0.0,12.0,4184.969489857317,1.8333334,1.0,0.0
0.0,12.0,4184.969489857317,1.8333334,0.0,0.0
0.0,12.0,3383.6520170222825,1.8333334,1.0,0.0
0.0,12.0,3383.6520170222825,1.8333334,0.0,0.0
180.0062015494428,12.0,3836.7742353252092,1.8333334,1.0,0.0
180.0062015494428,12.0,3836.7742353252092,1.8333334,0.0,0.34316
145.34122717184576,12.0,3186.0161325103704,2.75,1.0,0.0
145.34122717184576,12.0,3186.0161325103704,2.75,0.0,0.96474
156.6657270446354,12.0,5207.127118753115,2.75,1.0,0.0
156.6657270446354,12.0,5207.127118753115,2.75,0.0,0.01144
76.39773950138455,12.0,3793.8832675224617,2.75,1.0,0.0
76.39773950138455,12.0,3793.8832675224617,2.75,0.0,0.13062
0.0,12.0,5205.659540033917,2.75,1.0,0.0
0.0,12.0,5205.659540033917,2.75,0.0,0.0
0.0,12.0,5446.913168938184,2.75,1.0,0.0
0.0,12.0,5446.913168938184,2.75,0.0,0.0
136.25925276257564,12.0,3711.804824775294,2.75,1.0,0.0
136.25925276257564,12.0,3711.804824775294,2.75,0.0,0.2798
129.93907933572393,12.0,2917.9739587972113,2.75,1.0,0.0
129.93907933572393,12.0,2917.9739587972113,2.75,0.0,1.56863
136.41632975402095,12.0,3853.263231050278,2.75,1.0,0.0
136.41632975402095,12.0,3853.263231050278,2.75,0.0,0.20429
0.0,12.0,4069.907251921193,2.75,1.0,0.0
0.0,12.0,4069.907251921193,2.75,0.0,0.0
0.0,12.0,3353.7909431430253,1.75,1.0,0.0
0.0,12.0,3353.7909431430253,1.75,0.0,0.0
0.0,12.0,4199.7082883765315,1.8333334,1.0,0.0
0.0,12.0,4199.7082883765315,1.8333334,0.0,0.0
0.0,12.0,3359.918388551607,1.8333334,1.0,0.0
0.0,12.0,3359.918388551607,1.8333334,0.0,0.0
274.7463007446385,12.0,3841.4681901174677,1.8333334,1.0,0.0
274.7463007446385,12.0,3841.4681901174677,1.8333334,0.0,0.51831
145.3412252045488,12.0,3235.1470103162114,2.75,1.0,0.0
145.3412252045488,12.0,3235.1470103162114,2.75,0.0,0.86456
116.83308461110359,12.0,5120.982355458532,2.75,1.0,0.0
116.83308461110359,12.0,5120.982355458532,2.75,0.0,0.01034
152.7954872906951,12.0,3745.1666994841216,2.75,1.0,0.0
152.7954872906951,12.0,3745.1666994841216,2.75,0.0,0.29124
0.0,12.0,5197.408287405923,2.75,1.0,0.0
0.0,12.0,5197.408287405923,2.75,0.0,0.0
0.0,12.0,5436.352325255551,2.75,1.0,0.0
0.0,12.0,5436.352325255551,2.75,0.0,0.0
126.4943453182312,12.0,3662.269693626297,2.75,1.0,0.0
126.4943453182312,12.0,3662.269693626297,2.75,0.0,0.2901
168.81036301428773,12.0,2911.6467775514952,2.75,1.0,0.0
168.81036301428773,12.0,2911.6467775514952,2.75,0.0,2.06686
272.83267005058195,12.0,3946.6407810900255,2.75,1.0,0.0
272.83267005058195,12.0,3946.6407810900255,2.75,0.0,0.33174
0.0,12.0,4072.577757106583,2.75,1.0,0.0
0.0,12.0,4072.577757106583,2.75,0.0,0.0
0.0,12.0,3360.1857613751467,1.75,1.0,0.0
0.0,12.0,3360.1857613751467,1.75,0.0,0.0
0.0,12.0,4223.756212747534,1.8333334,1.0,0.0
0.0,12.0,4223.756212747534,1.8333334,0.0,0.0
0.0,12.0,3346.7997785389966,1.8333334,1.0,0.0
0.0,12.0,3346.7997785389966,1.8333334,0.0,0.0
369.4863951873308,12.0,3841.419678327777,1.8333334,1.0,0.0
369.4863951873308,12.0,3841.419678327777,1.8333334,0.0,0.69711
145.3412232573793,12.0,3276.966793397052,2.75,1.0,0.0
145.3412232573793,12.0,3276.966793397052,2.75,0.0,0.78753
101.7673607400731,12.0,5047.4482184091585,2.75,1.0,0.0
101.7673607400731,12.0,5047.4482184091585,2.75,0.0,0.01061
152.79549835601128,12.0,3689.9761239905074,2.75,1.0,0.0
152.79549835601128,12.0,3689.9761239905074,2.75,0.0,0.32941
0.0,12.0,5185.8274048572885,2.75,1.0,0.0
0.0,12.0,5185.8274048572885,2.75,0.0,0.0
0.0,12.0,5427.928315082546,2.75,1.0,0.0
0.0,12.0,5427.928315082546,2.75,0.0,0.0
103.72146746138101,12.0,3610.019410271307,2.75,1.0,0.0
103.72146746138101,12.0,3610.019410271307,2.75,0.0,0.26729
278.6242423721546,12.0,2928.587339426365,2.75,1.0,0.0
278.6242423721546,12.0,2928.587339426365,2.75,0.0,3.28483
136.41635084308913,12.0,4014.920500510061,2.75,1.0,0.0
136.41635084308913,12.0,4014.920500510061,2.75,0.0,0.14243
0.0,12.0,4049.0445181215487,2.75,1.0,0.0
0.0,12.0,4049.0445181215487,2.75,0.0,0.0
0.0,12.0,3354.6255288293064,1.75,1.0,0.0
0.0,12.0,3354.6255288293064,1.75,0.0,0.0
0.0,12.0,4258.923174843876,1.8333334,1.0,0.0
0.0,12.0,4258.923174843876,1.8333334,0.0,0.0
0.0,12.0,3315.5748467163553,1.8333334,1.0,0.0
0.0,12.0,3315.5748467163553,1.8333334,0.0,0.0
369.4863951873308,12.0,3855.8146317569613,1.8333334,1.0,0.0
369.4863951873308,12.0,3855.8146317569613,1.8333334,0.0,0.67507
135.36534938998915,12.0,3334.808909744544,2.75,1.0,0.0
135.36534938998915,12.0,3334.808909744544,2.75,0.0,0.64466
103.28464253855226,12.0,5048.113503505675,2.75,1.0,0.0
103.28464253855226,12.0,5048.113503505675,2.75,0.0,0.01075
152.7955094182443,12.0,3655.865259270244,2.75,1.0,0.0
152.7955094182443,12.0,3655.865259270244,2.75,0.0,0.35547
0.0,12.0,5189.591925315329,2.75,1.0,0.0
0.0,12.0,5189.591925315329,2.75,0.0,0.0
0.0,12.0,5429.231297538553,2.75,1.0,0.0
0.0,12.0,5429.231297538553,2.75,0.0,0.0
103.72147355417532,12.0,3581.8354435203237,2.75,1.0,0.0
103.72147355417532,12.0,3581.8354435203237,2.75,0.0,0.28464
114.15445772937692,12.0,2943.780029207073,2.75,1.0,0.0
114.15445772937692,12.0,2943.780029207073,2.75,0.0,1.30096
82.34058209737478,12.0,4031.1754647828643,2.75,1.0,0.0
82.34058209737478,12.0,4031.1754647828643,2.75,0.0,0.08291
0.0,12.0,4034.004985290587,2.75,1.0,0.0
0.0,12.0,4034.004985290587,2.75,0.0,0.0
0.0,12.0,3359.606251966079,1.75,1.0,0.0
0.0,12.0,3359.606251966079,1.75,0.0,0.0
57.5932840502924,12.0,4315.016171816394,1.8333334,1.0,0.0
57.5932840502924,12.0,4315.016171816394,1.8333334,0.0,0.03777
0.0,12.0,3300.4076647294273,1.8333334,1.0,0.0
0.0,12.0,3300.4076647294273,1.8333334,0.0,0.0
369.4863951873308,12.0,3833.375098769879,1.8333334,1.0,0.0
369.4863951873308,12.0,3833.375098769879,1.8333334,0.0,0.70974
224.81397504547104,12.0,3367.213039053071,2.75,1.0,0.0
224.81397504547104,12.0,3367.213039053071,2.75,0.0,0.99597
147.24935704804128,12.0,5064.302384202245,2.75,1.0,0.0
147.24935704804128,12.0,5064.302384202245,2.75,0.0,0.01479
152.79552047923391,12.0,3622.081509543892,2.75,1.0,0.0
152.79552047923391,12.0,3622.081509543892,2.75,0.0,0.3833
0.0,12.0,5183.628974850123,2.75,1.0,0.0
0.0,12.0,5183.628974850123,2.75,0.0,0.0
0.0,12.0,5421.224135036409,2.75,1.0,0.0
0.0,12.0,5421.224135036409,2.75,0.0,0.0
103.72147964769012,12.0,3547.9934202927666,2.75,1.0,0.0
103.72147964769012,12.0,3547.9934202927666,2.75,0.0,0.30697
114.1544595183125,12.0,2953.139558364404,2.75,1.0,0.0
114.1544595183125,12.0,2953.139558364404,2.75,0.0,1.27407
100.5418084840832,12.0,4030.4287933794844,2.75,1.0,0.0
100.5418084840832,12.0,4030.4287933794844,2.75,0.0,0.1014
0.0,12.0,4016.593089117718,2.75,1.0,0.0
0.0,12.0,4016.593089117718,2.75,0.0,0.0
0.0,12.0,3330.6512596222988,1.75,1.0,0.0
0.0,12.0,3330.6512596222988,1.75,0.0,0.0
153.58208649261343,12.0,4362.553817718814,1.8333334,1.0,0.0
153.58208649261343,12.0,4362.553817718814,1.8333334,0.0,0.09058
140.84825925684706,12.0,3312.289460952228,1.8333334,1.0,0.0
140.84825925684706,12.0,3312.289460952228,1.8333334,0.0,0.86543
369.4863951873308,12.0,3824.699960725124,1.8333334,1.0,0.0
369.4863951873308,12.0,3824.699960725124,1.8333334,0.0,0.72361
135.1252707212127,12.0,3421.6819403995964,2.75,1.0,0.0
135.1252707212127,12.0,3421.6819403995964,2.75,0.0,0.53012
147.2493548563731,12.0,5084.543968237904,2.75,1.0,0.0
147.2493548563731,12.0,5084.543968237904,2.75,0.0,0.01413
305.59105201734934,12.0,3597.7482412825516,2.75,1.0,0.0
305.59105201734934,12.0,3597.7482412825516,2.75,0.0,0.80938
0.0,12.0,5186.303702807895,2.75,1.0,0.0
0.0,12.0,5186.303702807895,2.75,0.0,0.0
0.0,12.0,5422.033262920883,2.75,1.0,0.0
0.0,12.0,5422.033262920883,2.75,0.0,0.0
10.37214829967875,12.0,3553.0859335751234,2.75,1.0,0.0
10.37214829967875,12.0,3553.0859335751234,2.75,0.0,0.03035
114.15446130624144,12.0,2971.886505921779,2.75,1.0,0.0
114.15446130624144,12.0,2971.886505921779,2.75,0.0,1.22187
100.54180237346246,12.0,4039.45434986573,2.75,1.0,0.0
100.54180237346246,12.0,4039.45434986573,2.75,0.0,0.09938
52.3643215600771,12.0,3969.3484002893542,2.75,1.0,0.0
52.3643215600771,12.0,3969.3484002893542,2.75,0.0,0.06052
0.0,12.0,3325.771408138986,1.75,1.0,0.0
0.0,12.0,3325.771408138986,1.75,0.0,0.0
249.5708835546081,12.0,4440.53336751885,1.8333334,1.0,0.0
249.5708835546081,12.0,4440.53336751885,1.8333334,0.0,0.12368
261.61426626954636,12.0,3315.4319137716298,1.8333334,1.0,0.0
261.61426626954636,12.0,3315.4319137716298,1.8333334,0.0,1.59624
369.4863951873308,12.0,3807.73465868494,1.8333334,1.0,0.0
369.4863951873308,12.0,3807.73465868494,1.8333334,0.0,0.75153
105.5344950780518,12.0,3440.4865051876513,2.75,1.0,0.0
105.5344950780518,12.0,3440.4865051876513,2.75,0.0,0.39702
120.623151543127,12.0,5114.948637394497,2.75,1.0,0.0
120.623151543127,12.0,5114.948637394497,2.75,0.0,0.01082
0.0,12.0,3596.180240609692,2.75,1.0,0.0
0.0,12.0,3596.180240609692,2.75,0.0,0.0
0.0,12.0,5190.251546692496,2.75,1.0,0.0
0.0,12.0,5190.251546692496,2.75,0.0,0.0
0.0,12.0,5423.369297732499,2.75,1.0,0.0
0.0,12.0,5423.369297732499,2.75,0.0,0.0
0.0,12.0,3559.3489553925046,2.75,1.0,0.0
0.0,12.0,3559.3489553925046,2.75,0.0,0.0
68.49267764198754,12.0,2985.675890984003,2.75,1.0,0.0
68.49267764198754,12.0,2985.675890984003,2.75,0.0,0.71091
40.21671923741317,12.0,4053.4828446618826,2.75,1.0,0.0
40.21671923741317,12.0,4053.4828446618826,2.75,0.0,0.03853
104.72864306524517,12.0,3902.29114105575,2.75,1.0,0.0
104.72864306524517,12.0,3902.29114105575,2.75,0.0,0.14059
0.0,12.0,3295.7948843109875,1.75,1.0,0.0
0.0,12.0,3295.7948843109875,1.75,0.0,0.0
345.55967521953676,12.0,4499.45932989845,1.8333334,1.0,0.0
345.55967521953676,12.0,4499.45932989845,1.8333334,0.0,0.15015
387.68034912722027,12.0,3292.528329688072,1.8333334,1.0,0.0
387.68034912722027,12.0,3292.528329688072,1.8333334,0.0,2.48947
369.4863951873308,12.0,3781.200402907402,1.8333334,1.0,0.0
369.4863951873308,12.0,3781.200402907402,1.8333334,0.0,0.79737
102.31918936902105,12.0,3477.228058818729,2.75,1.0,0.0
102.31918936902105,12.0,3477.228058818729,2.75,0.0,0.35462
126.55371103197078,12.0,5045.353833701992,2.75,1.0,0.0
126.55371103197078,12.0,5045.353833701992,2.75,0.0,0.01326
34.05005932173725,12.0,3573.920079208306,2.75,1.0,0.0
34.05005932173725,12.0,3573.920079208306,2.75,0.0,0.09511
64.89255118895139,12.0,5157.115656506097,2.75,1.0,0.0
64.89255118895139,12.0,5157.115656506097,2.75,0.0,0.0053
10.90041358701881,12.0,5401.3231764595885,2.75,1.0,0.0
10.90041358701881,12.0,5401.3231764595885,2.75,0.0,0.00052
0.0,12.0,3549.992278236017,2.75,1.0,0.0
0.0,12.0,3549.992278236017,2.75,0.0,0.0
115.01348173470906,12.0,2983.5551189226203,2.75,1.0,0.0
115.01348173470906,12.0,2983.5551189226203,2.75,0.0,1.19943
0.0,12.0,4042.1058282866675,2.75,1.0,0.0
0.0,12.0,4042.1058282866675,2.75,0.0,0.0
104.72864299307945,12.0,3818.792713835123,2.75,1.0,0.0
104.72864299307945,12.0,3818.792713835123,2.75,0.0,0.16938
0.0,12.0,3264.2769466659206,1.75,1.0,0.0
0.0,12.0,3264.2769466659206,1.75,0.0,0.0
441.5484615056526,12.0,4544.954083273209,1.8333334,1.0,0.0
441.5484615056526,12.0,4544.954083273209,1.8333334,0.0,0.17333
413.4427420555064,12.0,3285.3651648240543,1.8333334,1.0,0.0
413.4427420555064,12.0,3285.3651648240543,1.8333334,0.0,2.69768
369.4863951873308,12.0,3773.008782090788,1.8333334,1.0,0.0
369.4863951873308,12.0,3773.008782090788,1.8333334,0.0,0.81208
284.2202975823313,12.0,3773.008782090788,1.8333334,1.0,0.0
284.2202975823313,12.0,3773.008782090788,1.8333334,0.0,0.62468
102.31917757822944,12.0,3503.435977513886,2.75,1.0,0.0
102.31917757822944,12.0,3503.435977513886,2.75,0.0,0.33448
126.5537162150098,12.0,4980.717123375965,2.75,1.0,0.0
126.5537162150098,12.0,4980.717123375965,2.75,0.0,0.01531
113.50020232030379,12.0,3541.514263995032,2.75,1.0,0.0
113.50020232030379,12.0,3541.514263995032,2.75,0.0,0.3408
108.15425262034074,12.0,5136.3561235597745,2.75,1.0,0.0
108.15425262034074,12.0,5136.3561235597745,2.75,0.0,0.00925
109.00413228958469,12.0,5336.92023117711,2.75,1.0,0.0
109.00413228958469,12.0,5336.92023117711,2.75,0.0,0.00596
0.0,12.0,3561.2567826942527,2.75,1.0,0.0
0.0,12.0,3561.2567826942527,2.75,0.0,0.0
43.29824959574724,12.0,2974.001728844114,2.75,1.0,0.0
43.29824959574724,12.0,2974.001728844114,2.75,0.0,0.46127
0.0,12.0,4046.8490980724596,2.75,1.0,0.0
0.0,12.0,4046.8490980724596,2.75,0.0,0.0
104.72864291565665,12.0,3755.448892638713,2.75,1.0,0.0
104.72864291565665,12.0,3755.448892638713,2.75,0.0,0.1951
0.0,12.0,3261.6119566813286,1.75,1.0,0.0
0.0,12.0,3261.6119566813286,1.75,0.0,0.0
518.3394866490368,12.0,4584.58563555035,1.8333334,1.0,0.0
518.3394866490368,12.0,4584.58563555035,1.8333334,0.0,0.18626
413.4427420555064,12.0,3262.809451529122,1.8333334,1.0,0.0
413.4427420555064,12.0,3262.809451529122,1.8333334,0.0,2.83693
284.2202975823313,12.0,3753.388557225488,1.8333334,1.0,0.0
284.2202975823313,12.0,3753.388557225488,1.8333334,0.0,0.65263
102.31916578445025,12.0,3522.5688011590432,2.75,1.0,0.0
102.31916578445025,12.0,3522.5688011590432,2.75,0.0,0.3205
126.55372140015629,12.0,4925.187724941484,2.75,1.0,0.0
126.55372140015629,12.0,4925.187724941484,2.75,0.0,0.01733
113.50020936786503,12.0,3510.237932434606,2.75,1.0,0.0
113.50020936786503,12.0,3510.237932434606,2.75,0.0,0.36544
106.43987378521915,12.0,5109.729882423978,2.75,1.0,0.0
106.43987378521915,12.0,5109.729882423978,2.75,0.0,0.00966
109.00412577424113,12.0,5261.82909026763,2.75,1.0,0.0
109.00412577424113,12.0,5261.82909026763,2.75,0.0,0.00704
0.0,12.0,3569.741237754159,2.75,1.0,0.0
0.0,12.0,3569.741237754159,2.75,0.0,0.0
36.306550436981446,12.0,2961.879825501581,2.75,1.0,0.0
36.306550436981446,12.0,2961.879825501581,2.75,0.0,0.39739
0.0,12.0,4050.501123703603,2.75,1.0,0.0
0.0,12.0,4050.501123703603,2.75,0.0,0.0
51.047934666829065,12.0,3791.4466510111665,2.75,1.0,0.0
51.047934666829065,12.0,3791.4466510111665,2.75,0.0,0.08776
0.0,12.0,3226.7653067577558,1.75,1.0,0.0
0.0,12.0,3226.7653067577558,1.75,0.0,0.0
518.3394866490368,12.0,4587.250813565185,1.8333334,1.0,0.0
518.3394866490368,12.0,4587.250813565185,1.8333334,0.0,0.18515
413.4427420555064,12.0,3246.303177455704,1.8333334,1.0,0.0
413.4427420555064,12.0,3246.303177455704,1.8333334,0.0,2.94337
284.2202975823313,12.0,3751.727230591358,1.8333334,1.0,0.0
284.2202975823313,12.0,3751.727230591358,1.8333334,0.0,0.65506
125.04033589469807,12.0,3439.7674547149095,2.75,1.0,0.0
125.04033589469807,12.0,3439.7674547149095,2.75,0.0,0.47115
126.55372658502161,12.0,4881.060121552936,2.75,1.0,0.0
126.55372658502161,12.0,4881.060121552936,2.75,0.0,0.01913
113.50021641753932,12.0,3482.128784580647,2.75,1.0,0.0
113.50021641753932,12.0,3482.128784580647,2.75,0.0,0.38909
100.18230066350377,12.0,5071.555859497564,2.75,1.0,0.0
100.18230066350377,12.0,5071.555859497564,2.75,0.0,0.0099
109.00411925751662,12.0,5184.491667718267,2.75,1.0,0.0
109.00411925751662,12.0,5184.491667718267,2.75,0.0,0.00837
111.96708635114769,12.0,3626.3758649626775,2.75,1.0,0.0
111.96708635114769,12.0,3626.3758649626775,2.75,0.0,0.2782
36.306550436981446,12.0,2966.032302759775,2.75,1.0,0.0
36.306550436981446,12.0,2966.032302759775,2.75,0.0,0.39372
0.0,12.0,4050.2984102826067,2.75,1.0,0.0
0.0,12.0,4050.2984102826067,2.75,0.0,0.0
127.94374798374386,12.0,3846.3914151612594,2.75,1.0,0.0
127.94374798374386,12.0,3846.3914151612594,2.75,0.0,0.19457
0.0,12.0,3214.3202074431724,1.75,1.0,0.0
0.0,12.0,3214.3202074431724,1.75,0.0,0.0
518.3394866490368,12.0,4586.698847430938,1.8333334,1.0,0.0
518.3394866490368,12.0,4586.698847430938,1.8333334,0.0,0.18538
413.4427420555064,12.0,3237.4363125739114,1.8333334,1.0,0.0
413.4427420555064,12.0,3237.4363125739114,1.8333334,0.0,3.00219
284.2202975823313,12.0,3751.965643161369,1.8333334,1.0,0.0
284.2202975823313,12.0,3751.965643161369,1.8333334,0.0,0.65471
187.93252140242083,12.0,3340.361210058459,2.75,1.0,0.0
187.93252140242083,12.0,3340.361210058459,2.75,0.0,0.88399
126.5537317746634,12.0,4834.682171786756,2.75,1.0,0.0
126.5537317746634,12.0,4834.682171786756,2.75,0.0,0.02121
113.50021641753932,12.0,3481.51393119086,2.75,1.0,0.0
113.50021641753932,12.0,3481.51393119086,2.75,0.0,0.38963
94.64455307398921,12.0,5108.63392950025,2.75,1.0,0.0
94.64455307398921,12.0,5108.63392950025,2.75,0.0,0.00861
109.00411274189604,12.0,5123.431809810972,2.75,1.0,0.0
109.00411274189604,12.0,5123.431809810972,2.75,0.0,0.00959
124.4078806847651,12.0,3700.18203265114,2.75,1.0,0.0
124.4078806847651,12.0,3700.18203265114,2.75,0.0,0.26217
0.0,12.0,2980.6430653964853,2.75,1.0,0.0
0.0,12.0,2980.6430653964853,2.75,0.0,0.0
0.0,12.0,4069.5686483118247,2.75,1.0,0.0
0.0,12.0,4069.5686483118247,2.75,0.0,0.0
71.98928214204845,12.0,3825.4543842449966,2.75,1.0,0.0
71.98928214204845,12.0,3825.4543842449966,2.75,0.0,0.11471
0.0,12.0,3197.893389241697,1.75,1.0,0.0
0.0,12.0,3197.893389241697,1.75,0.0,0.0
518.3394866490368,12.0,4593.55283101338,1.8333334,1.0,0.0
518.3394866490368,12.0,4593.55283101338,1.8333334,0.0,0.18257
413.4427420555064,12.0,3216.7954307204946,1.8333334,1.0,0.0
413.4427420555064,12.0,3216.7954307204946,1.8333334,0.0,3.1437
189.48019364107387,12.0,3746.0057264485786,1.8333334,1.0,0.0
189.48019364107387,12.0,3746.0057264485786,1.8333334,0.0,0.44232
94.7400944453877,12.0,3746.0057264485786,1.8333334,1.0,0.0
94.7400944453877,12.0,3746.0057264485786,1.8333334,0.0,0.22116
56.37975758193898,12.0,3299.019667424105,2.75,1.0,0.0
56.37975758193898,12.0,3299.019667424105,2.75,0.0,0.29082
82.13541628565014,12.0,4832.019370474225,2.75,1.0,0.0
82.13541628565014,12.0,4832.019370474225,2.75,0.0,0.01385
0.0,12.0,3479.5859059715126,2.75,1.0,0.0
0.0,12.0,3479.5859059715126,2.75,0.0,0.0
255.43810057834992,12.0,5243.494282150741,2.75,1.0,0.0
255.43810057834992,12.0,5243.494282150741,2.75,0.0,0.0172
134.79131523548918,12.0,5006.003178563881,2.75,1.0,0.0
134.79131523548918,12.0,5006.003178563881,2.75,0.0,0.01541
124.40788803297016,12.0,3781.0605110804877,2.75,1.0,0.0
124.40788803297016,12.0,3781.0605110804877,2.75,0.0,0.21888
0.0,12.0,2977.1055582252307,2.75,1.0,0.0
0.0,12.0,2977.1055582252307,2.75,0.0,0.0
0.0,12.0,4065.9850315680837,2.75,1.0,0.0
0.0,12.0,4065.9850315680837,2.75,0.0,0.0
121.91324721172286,12.0,3773.1041701182294,2.75,1.0,0.0
121.91324721172286,12.0,3773.1041701182294,2.75,0.0,0.21834
0.0,12.0,3171.580080295588,1.75,1.0,0.0
0.0,12.0,3171.580080295588,1.75,0.0,0.0
518.3394866490368,12.0,4597.7252104647305,1.8333334,1.0,0.0
518.3394866490368,12.0,4597.7252104647305,1.8333334,0.0,0.18088
413.4427420555064,12.0,3220.3980130094274,1.8333334,1.0,0.0
413.4427420555064,12.0,3220.3980130094274,1.8333334,0.0,3.11853
94.7400944453877,12.0,3757.5463396303735,1.8333334,1.0,0.0
94.7400944453877,12.0,3757.5463396303735,1.8333334,0.0,0.21554
0.0,12.0,3296.264890798206,2.75,1.0,0.0
0.0,12.0,3296.264890798206,2.75,0.0,0.0
144.2288046265005,12.0,4954.4635538251,2.75,1.0,0.0
144.2288046265005,12.0,4954.4635538251,2.75,0.0,0.0185
94.0522383867029,12.0,3442.8456576399985,2.75,1.0,0.0
94.0522383867029,12.0,3442.8456576399985,2.75,0.0,0.35196
175.11203379567962,12.0,5366.506521165194,2.75,1.0,0.0
175.11203379567962,12.0,5366.506521165194,2.75,0.0,0.00896
112.94831847870174,12.0,4907.641687188731,2.75,1.0,0.0
112.94831847870174,12.0,4907.641687188731,2.75,0.0,0.01609
124.40789536927987,12.0,3863.8637669254726,2.75,1.0,0.0
124.40789536927987,12.0,3863.8637669254726,2.75,0.0,0.18196
0.0,12.0,2967.2960275833248,2.75,1.0,0.0
0.0,12.0,2967.2960275833248,2.75,0.0,0.0
113.14715269254418,12.0,4019.326752122495,2.75,1.0,0.0
113.14715269254418,12.0,4019.326752122495,2.75,0.0,0.11698
121.91325347676221,12.0,3712.8612543626186,2.75,1.0,0.0
121.91325347676221,12.0,3712.8612543626186,2.75,0.0,0.24975
0.0,12.0,3184.1050603537424,1.75,1.0,0.0
0.0,12.0,3184.1050603537424,1.75,0.0,0.0
518.3394866490368,12.0,4635.9408478401965,1.8333334,1.0,0.0
518.3394866490368,12.0,4635.9408478401965,1.8333334,0.0,0.16609
413.4427420555064,12.0,3237.4620344895447,1.8333334,1.0,0.0
413.4427420555064,12.0,3237.4620344895447,1.8333334,0.0,3.00202
94.7400944453877,12.0,3752.4764791824678,1.8333334,1.0,0.0
94.7400944453877,12.0,3752.4764791824678,1.8333334,0.0,0.21799
0.0,12.0,3752.4764791824678,1.8333334,1.0,0.0
0.0,12.0,3752.4764791824678,1.8333334,0.0,0.0
0.0,12.0,3308.947462807931,2.75,1.0,0.0
0.0,12.0,3308.947462807931,2.75,0.0,0.0
130.35397794521296,12.0,4956.1047846014,2.75,1.0,0.0
130.35397794521296,12.0,4956.1047846014,2.75,0.0,0.01666
134.36035785426694,12.0,3376.8769192824507,2.75,1.0,0.0
134.36035785426694,12.0,3376.8769192824507,2.75,0.0,0.58254
175.11206844836812,12.0,5503.78407912772,2.75,1.0,0.0
175.11206844836812,12.0,5503.78407912772,2.75,0.0,0.00659
187.68800354173308,12.0,4906.840499004126,2.75,1.0,0.0
187.68800354173308,12.0,4906.840499004126,2.75,0.0,0.02678
124.40790271505294,12.0,3952.8017508627195,2.75,1.0,0.0
124.40790271505294,12.0,3952.8017508627195,2.75,0.0,0.1492
0.0,12.0,2964.5770415180777,2.75,1.0,0.0
0.0,12.0,2964.5770415180777,2.75,0.0,0.0
141.4339207231642,12.0,3980.173077840201,2.75,1.0,0.0
141.4339207231642,12.0,3980.173077840201,2.75,0.0,0.15957
75.41587480321324,12.0,3691.8681297799462,2.75,1.0,0.0
75.41587480321324,12.0,3691.8681297799462,2.75,0.0,0.16191
0.0,12.0,3159.4406728311756,1.75,1.0,0.0
0.0,12.0,3159.4406728311756,1.75,0.0,0.0
518.3394866490368,12.0,4654.509124860487,1.8333334,1.0,0.0
518.3394866490368,12.0,4654.509124860487,1.8333334,0.0,0.15935
403.15635072082756,12.0,3247.8145737271584,1.8333334,1.0,0.0
403.15635072082756,12.0,3247.8145737271584,1.8333334,0.0,2.86048
0.0,12.0,3755.136112979413,1.8333334,1.0,0.0
0.0,12.0,3755.136112979413,1.8333334,0.0,0.0
118.00896391774617,12.0,3244.073536730945,2.75,1.0,0.0
118.00896391774617,12.0,3244.073536730945,2.75,0.0,0.68813
130.3539798070206,12.0,4972.038326247829,2.75,1.0,0.0
130.3539798070206,12.0,4972.038326247829,2.75,0.0,0.01608
134.3603782105873,12.0,3316.499467304675,2.75,1.0,0.0
134.3603782105873,12.0,3316.499467304675,2.75,0.0,0.66656
157.60089123417038,12.0,5643.442916390816,2.75,1.0,0.0
157.60089123417038,12.0,5643.442916390816,2.75,0.0,0.00435
189.0356642206174,12.0,4914.290255257299,2.75,1.0,0.0
189.0356642206174,12.0,4914.290255257299,2.75,0.0,0.02653
124.40791005635738,12.0,4052.6971237495673,2.75,1.0,0.0
124.40791005635738,12.0,4052.6971237495673,2.75,0.0,0.11939
0.0,12.0,2959.777102108734,2.75,1.0,0.0
0.0,12.0,2959.777102108734,2.75,0.0,0.0
141.4338983417136,12.0,3943.711120206914,2.75,1.0,0.0
141.4338983417136,12.0,3943.711120206914,2.75,0.0,0.1731
138.6706757376952,12.0,3764.646003535752,2.75,1.0,0.0
138.6706757376952,12.0,3764.646003535752,2.75,0.0,0.25308
0.0,12.0,3160.467115880177,1.75,1.0,0.0
0.0,12.0,3160.467115880177,1.75,0.0,0.0
518.3394866490368,12.0,4695.3607663513385,1.8333334,1.0,0.0
518.3394866490368,12.0,4695.3607663513385,1.8333334,0.0,0.14547
405.9462337775246,12.0,3300.1925665732556,1.8333334,1.0,0.0
405.9462337775246,12.0,3300.1925665732556,1.8333334,0.0,2.56256
0.0,12.0,3740.507114672888,1.8333334,1.0,0.0
0.0,12.0,3740.507114672888,1.8333334,0.0,0.0
118.00897688050507,12.0,3182.4335207120826,2.75,1.0,0.0
118.00897688050507,12.0,3182.4335207120826,2.75,0.0,0.7896
130.3539816725588,12.0,4992.527616967746,2.75,1.0,0.0
130.3539816725588,12.0,4992.527616967746,2.75,0.0,0.01536
134.3603985651281,12.0,3259.9589559887663,2.75,1.0,0.0
134.3603985651281,12.0,3259.9589559887663,2.75,0.0,0.75619
0.0,12.0,5658.044821824326,2.75,1.0,0.0
0.0,12.0,5658.044821824326,2.75,0.0,0.0
189.03566351960282,12.0,4927.000210026642,2.75,1.0,0.0
189.03566351960282,12.0,4927.000210026642,2.75,0.0,0.02579
109.70739224828431,12.0,4009.965294594486,2.75,1.0,0.0
109.70739224828431,12.0,4009.965294594486,2.75,0.0,0.11582
0.0,12.0,2965.2806458929645,2.75,1.0,0.0
0.0,12.0,2965.2806458929645,2.75,0.0,0.0
141.43387595659814,12.0,3902.3680635356563,2.75,1.0,0.0
141.43387595659814,12.0,3902.3680635356563,2.75,0.0,0.18983
138.67067483118288,12.0,3837.865781098701,2.75,1.0,0.0
138.67067483118288,12.0,3837.865781098701,2.75,0.0,0.21493
0.0,12.0,3150.391138357553,1.75,1.0,0.0
0.0,12.0,3150.391138357553,1.75,0.0,0.0
518.3394866490368,12.0,4726.544652422575,1.8333334,1.0,0.0
518.3394866490368,12.0,4726.544652422575,1.8333334,0.0,0.13569
450.2868908210951,12.0,3334.322412004983,1.8333334,1.0,0.0
450.2868908210951,12.0,3334.322412004983,1.8333334,0.0,2.63403
0.0,12.0,3730.6019514607997,1.8333334,1.0,0.0
0.0,12.0,3730.6019514607997,1.8333334,0.0,0.0
118.00898984325941,12.0,3125.965927949863,2.75,1.0,0.0
118.00898984325941,12.0,3125.965927949863,2.75,0.0,0.89563
130.3539835282854,12.0,5017.694879668728,2.75,1.0,0.0
130.3539835282854,12.0,5017.694879668728,2.75,0.0,0.01452
134.36041892263,12.0,3208.9906248114858,2.75,1.0,0.0
134.36041892263,12.0,3208.9906248114858,2.75,0.0,0.84728
0.0,12.0,5673.515552780783,2.75,1.0,0.0
0.0,12.0,5673.515552780783,2.75,0.0,0.0
170.13209656181832,12.0,4943.309488738175,2.75,1.0,0.0
170.13209656181832,12.0,4943.309488738175,2.75,0.0,0.02238
219.41478652248867,12.0,3958.8454415662272,2.75,1.0,0.0
219.41478652248867,12.0,3958.8454415662272,2.75,0.0,0.25962
0.0,12.0,2971.5867155964247,2.75,1.0,0.0
0.0,12.0,2971.5867155964247,2.75,0.0,0.0
141.43385357747837,12.0,3868.580386356885,2.75,1.0,0.0
141.43385357747837,12.0,3868.580386356885,2.75,0.0,0.20469
138.6706739341015,12.0,3926.785998415031,2.75,1.0,0.0
138.6706739341015,12.0,3926.785998415031,2.75,0.0,0.17625
0.0,12.0,3156.3257423676437,1.75,1.0,0.0
0.0,12.0,3156.3257423676437,1.75,0.0,0.0
518.3394866490368,12.0,4753.682139489951,1.8333334,1.0,0.0
518.3394866490368,12.0,4753.682139489951,1.8333334,0.0,0.12772
460.7462026018279,12.0,4753.682139489951,1.8333334,1.0,0.0
460.7462026018279,12.0,4753.682139489951,1.8333334,0.0,0.11352
497.20024064810895,12.0,3355.4071100899837,1.8333334,1.0,0.0
497.20024064810895,12.0,3355.4071100899837,1.8333334,0.0,2.77478
0.0,12.0,3729.495310094087,1.8333334,1.0,0.0
0.0,12.0,3729.495310094087,1.8333334,0.0,0.0
118.00900280974818,12.0,3071.227105665761,2.75,1.0,0.0
118.00900280974818,12.0,3071.227105665761,2.75,0.0,1.01199
83.24592010732032,12.0,5056.426854610912,2.75,1.0,0.0
83.24592010732032,12.0,5056.426854610912,2.75,0.0,0.00851
94.05230535836905,12.0,3178.315071390545,2.75,1.0,0.0
94.05230535836905,12.0,3178.315071390545,2.75,0.0,0.63512
0.0,12.0,5678.331499051102,2.75,1.0,0.0
0.0,12.0,5678.331499051102,2.75,0.0,0.0
0.0,12.0,4926.783421175262,2.75,1.0,0.0
0.0,12.0,4926.783421175262,2.75,0.0,0.0
109.7073963024848,12.0,3900.2915089180897,2.75,1.0,0.0
109.7073963024848,12.0,3900.2915089180897,2.75,0.0,0.14793
146.5072180562219,12.0,2960.5625153346305,2.75,1.0,0.0
146.5072180562219,12.0,2960.5625153346305,2.75,0.0,1.6083
56.891340740229865,12.0,3860.536223304946,2.75,1.0,0.0
56.891340740229865,12.0,3860.536223304946,2.75,0.0,0.08383
138.67067302743263,12.0,4038.1687501455526,2.75,1.0,0.0
138.67067302743263,12.0,4038.1687501455526,2.75,0.0,0.13746
0.0,12.0,3151.67397419613,1.75,1.0,0.0
0.0,12.0,3151.67397419613,1.75,0.0,0.0
460.7462026018279,12.0,4776.185063852001,1.8333334,1.0,0.0
460.7462026018279,12.0,4776.185063852001,1.8333334,0.0,0.10797
533.0907520524571,12.0,3410.700573970012,1.8333334,1.0,0.0
533.0907520524571,12.0,3410.700573970012,1.8333334,0.0,2.62975
67.49235493835347,12.0,3783.7556543481637,1.8333334,1.0,0.0
67.49235493835347,12.0,3783.7556543481637,1.8333334,0.0,0.14482
118.0090157721261,12.0,3026.0190909771936,2.75,1.0,0.0
118.0090157721261,12.0,3026.0190909771936,2.75,0.0,1.11941
83.24592010732032,12.0,5063.717363343448,2.75,1.0,0.0
83.24592010732032,12.0,5063.717363343448,2.75,0.0,0.00837
0.0,12.0,3178.8088846116357,2.75,1.0,0.0
0.0,12.0,3178.8088846116357,2.75,0.0,0.0
25.656780139022928,12.0,5676.843405148138,2.75,1.0,0.0
25.656780139022928,12.0,5676.843405148138,2.75,0.0,0.00066
0.0,12.0,4912.4183756548555,2.75,1.0,0.0
0.0,12.0,4912.4183756548555,2.75,0.0,0.0
109.70739832230173,12.0,3844.5733676385885,2.75,1.0,0.0
109.70739832230173,12.0,3844.5733676385885,2.75,0.0,0.16751
29.301443232982344,12.0,2960.9176768170414,2.75,1.0,0.0
29.301443232982344,12.0,2960.9176768170414,2.75,0.0,0.3214
108.52041766583238,12.0,3863.620560451667,2.75,1.0,0.0
108.52041766583238,12.0,3863.620560451667,2.75,0.0,0.15881
277.3413451573148,12.0,4154.393589975359,2.75,1.0,0.0
277.3413451573148,12.0,4154.393589975359,2.75,0.0,0.21212
0.0,12.0,3172.5399028956094,1.75,1.0,0.0
0.0,12.0,3172.5399028956094,1.75,0.0,0.0
460.7462026018279,12.0,4786.424980548081,1.8333334,1.0,0.0
460.7462026018279,12.0,4786.424980548081,1.8333334,0.0,0.10553
364.7574001631913,12.0,4786.424980548081,1.8333334,1.0,0.0
364.7574001631913,12.0,4786.424980548081,1.8333334,0.0,0.08354
582.4423216460593,12.0,3465.9021288795325,1.8333334,1.0,0.0
582.4423216460593,12.0,3465.9021288795325,1.8333334,0.0,2.54021
451.13528203373755,12.0,3465.9021288795325,1.8333334,1.0,0.0
451.13528203373755,12.0,3465.9021288795325,1.8333334,0.0,1.96754
151.85779830718812,12.0,3864.1732217151493,1.8333334,1.0,0.0
151.85779830718812,12.0,3864.1732217151493,1.8333334,0.0,0.27233
226.46992028080876,12.0,2990.7535500573636,2.75,1.0,0.0
226.46992028080876,12.0,2990.7535500573636,2.75,0.0,2.32413
0.0,12.0,5083.103376060083,2.75,1.0,0.0
0.0,12.0,5083.103376060083,2.75,0.0,0.0
0.0,12.0,3198.414456472857,2.75,1.0,0.0
0.0,12.0,3198.414456472857,2.75,0.0,0.0
128.28390469472117,12.0,5702.741168675729,2.75,1.0,0.0
128.28390469472117,12.0,5702.741168675729,2.75,0.0,0.0031
0.0,12.0,4899.991046522376,2.75,1.0,0.0
0.0,12.0,4899.991046522376,2.75,0.0,0.0
109.70740035945133,12.0,3798.465208235784,2.75,1.0,0.0
109.70740035945133,12.0,3798.465208235784,2.75,0.0,0.18567
0.0,12.0,2979.480756511537,2.75,1.0,0.0
0.0,12.0,2979.480756511537,2.75,0.0,0.0
0.0,12.0,3886.5668595507364,2.75,1.0,0.0
0.0,12.0,3886.5668595507364,2.75,0.0,0.0
0.0,12.0,4154.393589975359,2.75,1.0,0.0
0.0,12.0,4154.393589975359,2.75,0.0,0.0
0.0,12.0,3185.776323942453,1.75,1.0,0.0
0.0,12.0,3185.776323942453,1.75,0.0,0.0
364.7574001631913,12.0,4810.162201061499,1.8333334,1.0,0.0
364.7574001631913,12.0,4810.162201061499,1.8333334,0.0,0.07923
518.558720244094,12.0,3492.9272200333885,1.8333334,1.0,0.0
518.558720244094,12.0,3492.9272200333885,1.8333334,0.0,2.12924
236.22324133970702,12.0,3926.9083652990903,1.8333334,1.0,0.0
236.22324133970702,12.0,3926.9083652990903,1.8333334,0.0,0.36828
105.94263505864527,12.0,2955.6310336817514,2.75,1.0,0.0
105.94263505864527,12.0,2955.6310336817514,2.75,0.0,1.17586
0.0,12.0,5090.930722611786,2.75,1.0,0.0
0.0,12.0,5090.930722611786,2.75,0.0,0.0
0.0,12.0,3207.1308126622516,2.75,1.0,0.0
0.0,12.0,3207.1308126622516,2.75,0.0,0.0
128.28391136287786,12.0,5728.761733468337,2.75,1.0,0.0
128.28391136287786,12.0,5728.761733468337,2.75,0.0,0.00292
0.0,12.0,4885.72877110729,2.75,1.0,0.0
0.0,12.0,4885.72877110729,2.75,0.0,0.0
65.82444118820658,12.0,3773.1334019204555,2.75,1.0,0.0
65.82444118820658,12.0,3773.1334019204555,2.75,0.0,0.11788
0.0,12.0,3182.3284634325487,1.75,1.0,0.0
0.0,12.0,3182.3284634325487,1.75,0.0,0.0
364.7574001631913,12.0,4813.422247061776,1.8333334,1.0,0.0
364.7574001631913,12.0,4813.422247061776,1.8333334,0.0,0.07866
268.7686031026771,12.0,4813.422247061776,1.8333334,1.0,0.0
268.7686031026771,12.0,4813.422247061776,1.8333334,0.0,0.05796
560.263529941595,12.0,3552.1020988425394,1.8333334,1.0,0.0
560.263529941595,12.0,3552.1020988425394,1.8333334,0.0,2.01592
558.9392979396196,12.0,3552.1020988425394,1.8333334,1.0,0.0
558.9392979396196,12.0,3552.1020988425394,1.8333334,0.0,2.01115
320.5886840373545,12.0,3992.4981687620098,1.8333334,1.0,0.0
320.5886840373545,12.0,3992.4981687620098,1.8333334,0.0,0.43176
105.94264312519596,12.0,2937.290890699204,2.75,1.0,0.0
105.94264312519596,12.0,2937.290890699204,2.75,0.0,1.22498
49.65132899675706,12.0,5158.438129424362,2.75,1.0,0.0
49.65132899675706,12.0,5158.438129424362,2.75,0.0,0.00404
0.0,12.0,3235.8035481115426,2.75,1.0,0.0
0.0,12.0,3235.8035481115426,2.75,0.0,0.0
128.28391803252592,12.0,5759.029460888308,2.75,1.0,0.0
128.28391803252592,12.0,5759.029460888308,2.75,0.0,0.00273
0.0,12.0,4875.152700373517,2.75,1.0,0.0
0.0,12.0,4875.152700373517,2.75,0.0,0.0
0.0,12.0,3780.532791599185,2.75,1.0,0.0
0.0,12.0,3780.532791599185,2.75,0.0,0.0
0.0,12.0,2991.934709284291,2.75,1.0,0.0
0.0,12.0,2991.934709284291,2.75,0.0,0.0
0.0,12.0,3888.196629838468,2.75,1.0,0.0
0.0,12.0,3888.196629838468,2.75,0.0,0.0
0.0,12.0,4155.295496670185,2.75,1.0,0.0
0.0,12.0,4155.295496670185,2.75,0.0,0.0
0.0,12.0,3196.1042749161643,1.75,1.0,0.0
0.0,12.0,3196.1042749161643,1.75,0.0,0.0
268.7686031026771,12.0,4821.8028215912045,1.8333334,1.0,0.0
268.7686031026771,12.0,4821.8028215912045,1.8333334,0.0,0.05688
647.8108800315225,12.0,3613.4500121458223,1.8333334,1.0,0.0
647.8108800315225,12.0,3613.4500121458223,1.8333334,0.0,2.03271
404.95412639408903,12.0,4058.252861275408,1.8333334,1.0,0.0
404.95412639408903,12.0,4058.252861275408,1.8333334,0.0,0.47095
105.94265119046625,12.0,2920.3450708086334,2.75,1.0,0.0
105.94265119046625,12.0,2920.3450708086334,2.75,0.0,1.27219
165.50440995687953,12.0,5317.357261759601,2.75,1.0,0.0
165.50440995687953,12.0,5317.357261759601,2.75,0.0,0.00945
91.67904177420178,12.0,3214.706215894821,2.75,1.0,0.0
91.67904177420178,12.0,3214.706215894821,2.75,0.0,0.5708
139.07191415988478,12.0,5692.877629741724,2.75,1.0,0.0
139.07191415988478,12.0,5692.877629741724,2.75,0.0,0.00343
0.0,12.0,4863.796740789804,2.75,1.0,0.0
0.0,12.0,4863.796740789804,2.75,0.0,0.0
0.0,12.0,3780.102878987384,2.75,1.0,0.0
0.0,12.0,3780.102878987384,2.75,0.0,0.0
64.2630118645117,12.0,2994.490898347945,2.75,1.0,0.0
64.2630118645117,12.0,2994.490898347945,2.75,0.0,0.65402
0.0,12.0,3902.116481704137,2.75,1.0,0.0
0.0,12.0,3902.116481704137,2.75,0.0,0.0
0.0,12.0,4169.606103202448,2.75,1.0,0.0
0.0,12.0,4169.606103202448,2.75,0.0,0.0
0.0,12.0,3208.1909598543584,1.75,1.0,0.0
0.0,12.0,3208.1909598543584,1.75,0.0,0.0
172.77981143671647,12.0,4828.407545220643,1.8333334,1.0,0.0
172.77981143671647,12.0,4828.407545220643,1.8333334,0.0,0.03603
712.4670198918677,12.0,3622.570163199573,1.8333334,1.0,0.0
712.4670198918677,12.0,3622.570163199573,1.8333334,0.0,2.19056
489.3195684168016,12.0,4113.82751452675,1.8333334,1.0,0.0
489.3195684168016,12.0,4113.82751452675,1.8333334,0.0,0.5027
156.18775067437997,12.0,2963.622873809023,2.75,1.0,0.0
156.18775067437997,12.0,2963.622873809023,2.75,0.0,1.7029
165.50437912897002,12.0,5456.292712911648,2.75,1.0,0.0
165.50437912897002,12.0,5456.292712911648,2.75,0.0,0.00693
114.59880569190503,12.0,3163.184867250528,2.75,1.0,0.0
114.59880569190503,12.0,3163.184867250528,2.75,0.0,0.80043
185.40962890562466,12.0,5563.789608457886,2.75,1.0,0.0
185.40962890562466,12.0,5563.789608457886,2.75,0.0,0.00611
0.0,12.0,4848.7630525419045,2.75,1.0,0.0
0.0,12.0,4848.7630525419045,2.75,0.0,0.0
146.35806351424299,12.0,3711.992992839925,2.75,1.0,0.0
146.35806351424299,12.0,3711.992992839925,2.75,0.0,0.30041
160.65751312387846,12.0,3000.7007713646285,2.75,1.0,0.0
160.65751312387846,12.0,3000.7007713646285,2.75,0.0,1.61254
69.63081586078069,12.0,3953.0402500225478,2.75,1.0,0.0
69.63081586078069,12.0,3953.0402500225478,2.75,0.0,0.08346
0.0,12.0,4180.514774343913,2.75,1.0,0.0
0.0,12.0,4180.514774343913,2.75,0.0,0.0
0.0,12.0,3203.682521205678,1.75,1.0,0.0
0.0,12.0,3203.682521205678,1.75,0.0,0.0
153.94627354978886,12.0,4776.174413575406,1.8333334,1.0,0.0
153.94627354978886,12.0,4776.174413575406,1.8333334,0.0,0.03607
712.4670198918677,12.0,3610.6464791999674,1.8333334,1.0,0.0
712.4670198918677,12.0,3610.6464791999674,1.8333334,0.0,2.24962
511.99057606128474,12.0,4118.976549078536,1.8333334,1.0,0.0
511.99057606128474,12.0,4118.976549078536,1.8333334,0.0,0.51998
182.77669425033372,12.0,3029.403086263088,2.75,1.0,0.0
182.77669425033372,12.0,3029.403086263088,2.75,0.0,1.72074
165.50434830340438,12.0,5608.995821367013,2.75,1.0,0.0
165.50434830340438,12.0,5608.995821367013,2.75,0.0,0.00493
114.59880955793602,12.0,3125.703039748297,2.75,1.0,0.0
114.59880955793602,12.0,3125.703039748297,2.75,0.0,0.87026
149.33225936300332,12.0,5629.056969768382,2.75,1.0,0.0
149.33225936300332,12.0,5629.056969768382,2.75,0.0,0.00425
0.0,12.0,4844.857636011834,2.75,1.0,0.0
0.0,12.0,4844.857636011834,2.75,0.0,0.0
0.0,12.0,3709.209755888645,2.75,1.0,0.0
0.0,12.0,3709.209755888645,2.75,0.0,0.0
160.65748950288565,12.0,3016.073151857306,2.75,1.0,0.0
160.65748950288565,12.0,3016.073151857306,2.75,0.0,1.55816
116.05135829963979,12.0,4020.0276580539085,2.75,1.0,0.0
116.05135829963979,12.0,4020.0276580539085,2.75,0.0,0.11979
0.0,12.0,4179.834099747614,2.75,1.0,0.0
0.0,12.0,4179.834099747614,2.75,0.0,0.0
0.0,12.0,3208.7577018433894,1.75,1.0,0.0
0.0,12.0,3208.7577018433894,1.75,0.0,0.0
100.83739450674237,12.0,4774.844437309572,1.8333334,1.0,0.0
100.83739450674237,12.0,4774.844437309572,1.8333334,0.0,0.0237
88.90493633634338,12.0,4774.844437309572,1.8333334,1.0,0.0
88.90493633634338,12.0,4774.844437309572,1.8333334,0.0,0.0209
719.2961083926435,12.0,3605.2561659200305,1.8333334,1.0,0.0
719.2961083926435,12.0,3605.2561659200305,1.8333334,0.0,2.29867
531.4717294313314,12.0,4095.9471544142593,1.8333334,1.0,0.0
531.4717294313314,12.0,4095.9471544142593,1.8333334,0.0,0.56822
182.77665661478483,12.0,3105.251532832457,2.75,1.0,0.0
182.77665661478483,12.0,3105.251532832457,2.75,0.0,1.45281
165.5043174788427,12.0,5766.138793219755,2.75,1.0,0.0
165.5043174788427,12.0,5766.138793219755,2.75,0.0,0.00347
114.59881342841905,12.0,3093.7251129465835,2.75,1.0,0.0
114.59881342841905,12.0,3093.7251129465835,2.75,0.0,0.93463
185.84437349877498,12.0,5737.317651603211,2.75,1.0,0.0
185.84437349877498,12.0,5737.317651603211,2.75,0.0,0.00416
0.0,12.0,4860.980740590525,2.75,1.0,0.0
0.0,12.0,4860.980740590525,2.75,0.0,0.0
0.0,12.0,3718.3064483229796,2.75,1.0,0.0
0.0,12.0,3718.3064483229796,2.75,0.0,0.0
321.3149553816493,12.0,3032.988739836184,2.75,1.0,0.0
321.3149553816493,12.0,3032.988739836184,2.75,0.0,3.00089
94.1140378202474,12.0,4086.803503767415,2.75,1.0,0.0
94.1140378202474,12.0,4086.803503767415,2.75,0.0,0.0837
45.53230588518648,12.0,4173.007938232005,2.75,1.0,0.0
45.53230588518648,12.0,4173.007938232005,2.75,0.0,0.03341
0.0,12.0,3185.707504491704,1.75,1.0,0.0
0.0,12.0,3185.707504491704,1.75,0.0,0.0
115.31656865800056,12.0,4808.032148616454,1.8333334,1.0,0.0
115.31656865800056,12.0,4808.032148616454,1.8333334,0.0,0.02517
719.2961083926435,12.0,3615.6172792437883,1.8333334,1.0,0.0
719.2961083926435,12.0,3615.6172792437883,1.8333334,0.0,2.24613
563.1851046735281,12.0,4086.2283572873134,1.8333334,1.0,0.0
563.1851046735281,12.0,4086.2283572873134,1.8333334,0.0,0.61533
87.56891618664584,12.0,3071.2039145076483,2.75,1.0,0.0
87.56891618664584,12.0,3071.2039145076483,2.75,0.0,0.75099
85.1325593000431,12.0,5813.437029983096,2.75,1.0,0.0
85.1325593000431,12.0,5813.437029983096,2.75,0.0,0.00161
114.59881728996004,12.0,3066.542254454889,2.75,1.0,0.0
114.59881728996004,12.0,3066.542254454889,2.75,0.0,0.99308
185.84437760474654,12.0,5846.136371120956,2.75,1.0,0.0
185.84437760474654,12.0,5846.136371120956,2.75,0.0,0.00326
87.30132444619913,12.0,4909.081215030809,2.75,1.0,0.0
87.30132444619913,12.0,4909.081215030809,2.75,0.0,0.01239
0.0,12.0,3725.170015001715,2.75,1.0,0.0
0.0,12.0,3725.170015001715,2.75,0.0,0.0
110.87457186735448,12.0,3026.170108679649,2.75,1.0,0.0
110.87457186735448,12.0,3026.170108679649,2.75,0.0,1.05138
113.26019375035145,12.0,4009.694196638978,2.75,1.0,0.0
113.26019375035145,12.0,4009.694196638978,2.75,0.0,0.11964
113.29938061165507,12.0,4086.5122014848434,2.75,1.0,0.0
113.29938061165507,12.0,4086.5122014848434,2.75,0.0,0.10083
0.0,12.0,3188.320223287468,1.75,1.0,0.0
0.0,12.0,3188.320223287468,1.75,0.0,0.0
73.64907692384828,12.0,4807.431659548616,1.8333334,1.0,0.0
73.64907692384828,12.0,4807.431659548616,1.8333334,0.0,0.0161
719.2961083926435,12.0,3613.8400347874117,1.8333334,1.0,0.0
719.2961083926435,12.0,3613.8400347874117,1.8333334,0.0,2.25506
591.6406506615483,12.0,4066.925024438148,1.8333334,1.0,0.0
591.6406506615483,12.0,4066.925024438148,1.8333334,0.0,0.67487
170.26916642337028,12.0,3020.8945623644577,2.75,1.0,0.0
170.26916642337028,12.0,3020.8945623644577,2.75,0.0,1.63371
176.8647274321994,12.0,5703.880081403214,2.75,1.0,0.0
176.8647274321994,12.0,5703.880081403214,2.75,0.0,0.00426
229.1976384370089,12.0,3019.5084585909026,2.75,1.0,0.0
229.1976384370089,12.0,3019.5084585909026,2.75,0.0,2.20594
371.688759303411,12.0,5963.411886684366,2.75,1.0,0.0
371.688759303411,12.0,5963.411886684366,2.75,0.0,0.00502
0.0,12.0,4940.0310513393415,2.75,1.0,0.0
0.0,12.0,4940.0310513393415,2.75,0.0,0.0
0.0,12.0,3732.9047490911253,2.75,1.0,0.0
0.0,12.0,3732.9047490911253,2.75,0.0,0.0
176.48264585731016,12.0,3012.9365892270184,2.75,1.0,0.0
176.48264585731016,12.0,3012.9365892270184,2.75,0.0,1.72367
113.2601933328425,12.0,3932.8138014855936,2.75,1.0,0.0
113.2601933328425,12.0,3932.8138014855936,2.75,0.0,0.14203
32.34884961464806,12.0,4091.3750785519746,2.75,1.0,0.0
32.34884961464806,12.0,4091.3750785519746,2.75,0.0,0.02848
0.0,12.0,3174.128506238692,1.75,1.0,0.0
0.0,12.0,3174.128506238692,1.75,0.0,0.0
73.64907692384828,12.0,4826.576449454139,1.8333334,1.0,0.0
73.64907692384828,12.0,4826.576449454139,1.8333334,0.0,0.01542
719.2961083926435,12.0,3624.2188772595296,1.8333334,1.0,0.0
719.2961083926435,12.0,3624.2188772595296,1.8333334,0.0,2.20343
591.6406506615483,12.0,4051.1448508784456,1.8333334,1.0,0.0
591.6406506615483,12.0,4051.1448508784456,1.8333334,0.0,0.69906
170.2691938631565,12.0,2954.222513668087,2.75,1.0,0.0
170.2691938631565,12.0,2954.222513668087,2.75,0.0,1.89578
222.26538437591663,12.0,5698.245365464777,2.75,1.0,0.0
222.26538437591663,12.0,5698.245365464777,2.75,0.0,0.00542
145.24368871737792,12.0,2952.725687989488,2.75,1.0,0.0
145.24368871737792,12.0,2952.725687989488,2.75,0.0,1.62255
197.73674650195719,12.0,5769.2334919448185,2.75,1.0,0.0
197.73674650195719,12.0,5769.2334919448185,2.75,0.0,0.00412
0.0,12.0,4918.761473480109,2.75,1.0,0.0
0.0,12.0,4918.761473480109,2.75,0.0,0.0
0.0,12.0,3713.902405354355,2.75,1.0,0.0
0.0,12.0,3713.902405354355,2.75,0.0,0.0
176.48268039089515,12.0,3003.439733063826,2.75,1.0,0.0
176.48268039089515,12.0,3003.439733063826,2.75,0.0,1.76058
226.52038623289144,12.0,3864.397305334156,2.75,1.0,0.0
226.52038623289144,12.0,3864.397305334156,2.75,0.0,0.33091
0.0,12.0,4111.158577330493,2.75,1.0,0.0
0.0,12.0,4111.158577330493,2.75,0.0,0.0
0.0,12.0,3163.6390295617907,1.75,1.0,0.0
0.0,12.0,3163.6390295617907,1.75,0.0,0.0
73.64907692384828,12.0,4827.002610431114,1.8333334,1.0,0.0
73.64907692384828,12.0,4827.002610431114,1.8333334,0.0,0.01541
719.2961083926435,12.0,3598.8854280019655,1.8333334,1.0,0.0
719.2961083926435,12.0,3598.8854280019655,1.8333334,0.0,2.33158
591.6406506615483,12.0,4034.607444373663,1.8333334,1.0,0.0
591.6406506615483,12.0,4034.607444373663,1.8333334,0.0,0.72534
170.26922130266883,12.0,2891.0442794329415,2.75,1.0,0.0
170.26922130266883,12.0,2891.0442794329415,2.75,0.0,2.1828
152.26648816180406,12.0,5838.466396070992,2.75,1.0,0.0
152.26648816180406,12.0,5838.466396070992,2.75,0.0,0.00272
153.03660074659626,12.0,2914.8243813313916,2.75,1.0,0.0
153.03660074659626,12.0,2914.8243813313916,2.75,0.0,1.86049
59.321017088208464,12.0,5713.937527250265,2.75,1.0,0.0
59.321017088208464,12.0,5713.937527250265,2.75,0.0,0.0014
0.0,12.0,4915.632657686851,2.75,1.0,0.0
0.0,12.0,4915.632657686851,2.75,0.0,0.0
74.74382360876669,12.0,3664.4134191496146,2.75,1.0,0.0
74.74382360876669,12.0,3664.4134191496146,2.75,0.0,0.1706
118.12684237001989,12.0,2980.755995857085,2.75,1.0,0.0
118.12684237001989,12.0,2980.755995857085,2.75,0.0,1.23961
113.2601924778365,12.0,3797.7531618907014,2.75,1.0,0.0
113.2601924778365,12.0,3797.7531618907014,2.75,0.0,0.19198
0.0,12.0,4122.514170391818,2.75,1.0,0.0
0.0,12.0,4122.514170391818,2.75,0.0,0.0
0.0,12.0,3149.338966202254,1.75,1.0,0.0
0.0,12.0,3149.338966202254,1.75,0.0,0.0
73.64907692384828,12.0,4850.453555836098,1.8333334,1.0,0.0
73.64907692384828,12.0,4850.453555836098,1.8333334,0.0,0.01462
719.2961083926435,12.0,3599.3453099399285,1.8333334,1.0,0.0
719.2961083926435,12.0,3599.3453099399285,1.8333334,0.0,2.32919
591.6406506615483,12.0,4040.0035618429706,1.8333334,1.0,0.0
591.6406506615483,12.0,4040.0035618429706,1.8333334,0.0,0.71666
35.16096965615193,12.0,2896.7131625066527,2.75,1.0,0.0
35.16096965615193,12.0,2896.7131625066527,2.75,0.0,0.44509
152.2664784007569,12.0,5961.320954654635,2.75,1.0,0.0
152.2664784007569,12.0,5961.320954654635,2.75,0.0,0.00207
306.0732105750671,12.0,2878.2839220990186,2.75,1.0,0.0
306.0732105750671,12.0,2878.2839220990186,2.75,0.0,4.03709
0.0,12.0,5718.101539778538,2.75,1.0,0.0
0.0,12.0,5718.101539778538,2.75,0.0,0.0
0.0,12.0,4915.895233349796,2.75,1.0,0.0
0.0,12.0,4915.895233349796,2.75,0.0,0.0
106.77688626586013,12.0,3601.699865938226,2.75,1.0,0.0
106.77688626586013,12.0,3601.699865938226,2.75,0.0,0.28032
21.679191052321542,12.0,2978.526109325463,2.75,1.0,0.0
21.679191052321542,12.0,2978.526109325463,2.75,0.0,0.22863
113.26019205403304,12.0,3733.2161669030497,2.75,1.0,0.0
113.26019205403304,12.0,3733.2161669030497,2.75,0.0,0.22172
0.0,12.0,4133.486699030408,2.75,1.0,0.0
0.0,12.0,4133.486699030408,2.75,0.0,0.0
0.0,12.0,3143.646012036286,1.75,1.0,0.0
0.0,12.0,3143.646012036286,1.75,0.0,0.0
73.64907692384828,12.0,4878.124984905726,1.8333334,1.0,0.0
73.64907692384828,12.0,4878.124984905726,1.8333334,0.0,0.01375
719.2961083926435,12.0,3588.6073037674905,1.8333334,1.0,0.0
719.2961083926435,12.0,3588.6073037674905,1.8333334,0.0,2.38567
591.6406506615483,12.0,4051.3938387954636,1.8333334,1.0,0.0
591.6406506615483,12.0,4051.3938387954636,1.8333334,0.0,0.69867
165.4783260858764,12.0,2957.257002445731,2.75,1.0,0.0
165.4783260858764,12.0,2957.257002445731,2.75,0.0,1.83
152.2664686473779,12.0,6099.15575227514,2.75,1.0,0.0
152.2664686473779,12.0,6099.15575227514,2.75,0.0,0.00152
153.03661890899332,12.0,2880.2812804607115,2.75,1.0,0.0
153.03661890899332,12.0,2880.2812804607115,2.75,0.0,2.00957
0.0,12.0,5719.081809847346,2.75,1.0,0.0
0.0,12.0,5719.081809847346,2.75,0.0,0.0
0.0,12.0,4913.207596222519,2.75,1.0,0.0
0.0,12.0,4913.207596222519,2.75,0.0,0.0
106.7768808572095,12.0,3535.4468791482045,2.75,1.0,0.0
106.7768808572095,12.0,3535.4468791482045,2.75,0.0,0.32499
125.42674401735016,12.0,2986.102424780241,2.75,1.0,0.0
125.42674401735016,12.0,2986.102424780241,2.75,0.0,1.30061
120.80060190940644,12.0,3689.5438864325974,2.75,1.0,0.0
120.80060190940644,12.0,3689.5438864325974,2.75,0.0,0.26069
0.0,12.0,4150.04727761503,2.75,1.0,0.0
0.0,12.0,4150.04727761503,2.75,0.0,0.0
0.0,12.0,3139.760820430994,1.75,1.0,0.0
0.0,12.0,3139.760820430994,1.75,0.0,0.0
73.64907692384828,12.0,4892.847697173934,1.8333334,1.0,0.0
73.64907692384828,12.0,4892.847697173934,1.8333334,0.0,0.0133
719.2961083926435,12.0,3585.4933132585356,1.8333334,1.0,0.0
719.2961083926435,12.0,3585.4933132585356,1.8333334,0.0,2.40231
604.0321780524216,12.0,4063.3489014924817,1.8333334,1.0,0.0
604.0321780524216,12.0,4063.3489014924817,1.8333334,0.0,0.69453
165.47829523473874,12.0,3033.6852098206396,2.75,1.0,0.0
165.47829523473874,12.0,3033.6852098206396,2.75,0.0,1.54307
60.906584727349035,12.0,6144.711321067357,2.75,1.0,0.0
60.906584727349035,12.0,6144.711321067357,2.75,0.0,0.00055
153.03662799179685,12.0,2868.8286005085333,2.75,1.0,0.0
153.03662799179685,12.0,2868.8286005085333,2.75,0.0,2.06159
0.0,12.0,5721.635546346714,2.75,1.0,0.0
0.0,12.0,5721.635546346714,2.75,0.0,0.0
30.875923649554213,12.0,4915.083059786492,2.75,1.0,0.0
30.875923649554213,12.0,4915.083059786492,2.75,0.0,0.00433
106.77687544454861,12.0,3474.368435058735,2.75,1.0,0.0
106.77687544454861,12.0,3474.368435058735,2.75,0.0,0.37244
125.42674486121334,12.0,2990.1951512564215,2.75,1.0,0.0
125.42674486121334,12.0,2990.1951512564215,2.75,0.0,1.28878
50.12322316502375,12.0,3652.8191094043664,2.75,1.0,0.0
50.12322316502375,12.0,3652.8191094043664,2.75,0.0,0.1174
18.328832287082456,12.0,4153.838579556521,2.75,1.0,0.0
18.328832287082456,12.0,4153.838579556521,2.75,0.0,0.01404
0.0,12.0,3133.5082968182446,1.75,1.0,0.0
0.0,12.0,3133.5082968182446,1.75,0.0,0.0
73.64907692384828,12.0,4902.348300521456,1.8333334,1.0,0.0
73.64907692384828,12.0,4902.348300521456,1.8333334,0.0,0.01302
719.2961083926435,12.0,3584.37304118739,1.8333334,1.0,0.0
719.2961083926435,12.0,3584.37304118739,1.8333334,0.0,2.40832
678.6373465821418,12.0,4120.177666135855,1.8333334,1.0,0.0
678.6373465821418,12.0,4120.177666135855,1.8333334,0.0,0.68738
165.47826438430016,12.0,3111.763631836391,2.75,1.0,0.0
165.47826438430016,12.0,3111.763631836391,2.75,0.0,1.29634
0.0,12.0,6141.691116081555,2.75,1.0,0.0
0.0,12.0,6141.691116081555,2.75,0.0,0.0
107.34446405682415,12.0,2867.4385473241723,2.75,1.0,0.0
107.34446405682415,12.0,2867.4385473241723,2.75,0.0,1.45055
0.0,12.0,5728.400990564922,2.75,1.0,0.0
0.0,12.0,5728.400990564922,2.75,0.0,0.0
102.9197453577482,12.0,4926.578567937836,2.75,1.0,0.0
102.9197453577482,12.0,4926.578567937836,2.75,0.0,0.01405
106.77687003697191,12.0,3420.873030550359,2.75,1.0,0.0
106.77687003697191,12.0,3420.873030550359,2.75,0.0,0.41966
125.42674571194607,12.0,3002.105145195528,2.75,1.0,0.0
125.42674571194607,12.0,3002.105145195528,2.75,0.0,1.25498
198.094560763284,12.0,3543.115444007197,2.75,1.0,0.0
198.094560763284,12.0,3543.115444007197,2.75,0.0,0.59269
183.28833853963334,12.0,4273.858544208164,2.75,1.0,0.0
183.28833853963334,12.0,4273.858544208164,2.75,0.0,0.10738
0.0,12.0,3136.0350465932625,1.75,1.0,0.0
0.0,12.0,3136.0350465932625,1.75,0.0,0.0
88.54693032793853,12.0,4941.451979463011,1.8333334,1.0,0.0
88.54693032793853,12.0,4941.451979463011,1.8333334,0.0,0.01435
719.2961083926435,12.0,3584.0559976397203,1.8333334,1.0,0.0
719.2961083926435,12.0,3584.0559976397203,1.8333334,0.0,2.41002
678.6373465821418,12.0,4157.926791673989,1.8333334,1.0,0.0
678.6373465821418,12.0,4157.926791673989,1.8333334,0.0,0.63185
109.70439077201559,12.0,3103.857398966302,2.75,1.0,0.0
109.70439077201559,12.0,3103.857398966302,2.75,0.0,0.87471
0.0,12.0,6166.619134449898,2.75,1.0,0.0
0.0,12.0,6166.619134449898,2.75,0.0,0.0
128.9265878842827,12.0,2887.3418765629044,2.75,1.0,0.0
128.9265878842827,12.0,2887.3418765629044,2.75,0.0,1.66651
0.0,12.0,5743.309352377251,2.75,1.0,0.0
0.0,12.0,5743.309352377251,2.75,0.0,0.0
102.91974515089358,12.0,4941.960860956966,2.75,1.0,0.0
102.91974515089358,12.0,4941.960860956966,2.75,0.0,0.01358
74.74380581152629,12.0,3387.170622109244,2.75,1.0,0.0
74.74380581152629,12.0,3387.170622109244,2.75,0.0,0.31671
250.85349227586238,12.0,3022.4662180582786,2.75,1.0,0.0
250.85349227586238,12.0,3022.4662180582786,2.75,0.0,2.39848
198.09455892339903,12.0,3430.3177102414934,2.75,1.0,0.0
198.09455892339903,12.0,3430.3177102414934,2.75,0.0,0.76232
18.32883541954004,12.0,4281.319985650595,2.75,1.0,0.0
18.32883541954004,12.0,4281.319985650595,2.75,0.0,0.01056
0.0,12.0,3149.0884180517,1.75,1.0,0.0
0.0,12.0,3149.0884180517,1.75,0.0,0.0
128.8862807576968,12.0,5000.114069336308,1.8333334,1.0,0.0
128.8862807576968,12.0,5000.114069336308,1.8333334,0.0,0.01832
719.2961083926435,12.0,3592.1524029934117,1.8333334,1.0,0.0
719.2961083926435,12.0,3592.1524029934117,1.8333334,0.0,2.36687
678.6373465821418,12.0,4152.767398051863,1.8333334,1.0,0.0
678.6373465821418,12.0,4152.767398051863,1.8333334,0.0,0.63917
76.79307985858505,12.0,3094.5771591459634,2.75,1.0,0.0
76.79307985858505,12.0,3094.5771591459634,2.75,0.0,0.62511
0.0,12.0,6176.92145877234,2.75,1.0,0.0
0.0,12.0,6176.92145877234,2.75,0.0,0.0
128.9265692365665,12.0,2914.8723723843036,2.75,1.0,0.0
128.9265692365665,12.0,2914.8723723843036,2.75,0.0,1.56721
0.0,12.0,5744.082978303587,2.75,1.0,0.0
0.0,12.0,5744.082978303587,2.75,0.0,0.0
102.91974494147759,12.0,4942.38990925225,2.75,1.0,0.0
102.91974494147759,12.0,4942.38990925225,2.75,0.0,0.01356
0.0,12.0,3385.034926023051,2.75,1.0,0.0
0.0,12.0,3385.034926023051,2.75,0.0,0.0
114.67923398254013,12.0,3026.2914485037454,2.75,1.0,0.0
114.67923398254013,12.0,3026.2914485037454,2.75,0.0,1.08716
198.09455707707323,12.0,3323.122283111565,2.75,1.0,0.0
198.09455707707323,12.0,3323.122283111565,2.75,0.0,0.96833
0.0,12.0,4288.2568514324885,2.75,1.0,0.0
0.0,12.0,4288.2568514324885,2.75,0.0,0.0
0.0,12.0,3149.1761810234325,1.75,1.0,0.0
0.0,12.0,3149.1761810234325,1.75,0.0,0.0
162.98273328839682,12.0,5027.645855011132,1.8333334,1.0,0.0
162.98273328839682,12.0,5027.645855011132,1.8333334,0.0,0.02179
719.2961083926435,12.0,3583.3132894409227,1.8333334,1.0,0.0
719.2961083926435,12.0,3583.3132894409227,1.8333334,0.0,2.41402
678.6373465821418,12.0,4157.558573958043,1.8333334,1.0,0.0
678.6373465821418,12.0,4157.558573958043,1.8333334,0.0,0.63237
0.0,12.0,3086.2623598280475,2.75,1.0,0.0
0.0,12.0,3086.2623598280475,2.75,0.0,0.0
0.0,12.0,6166.210943671314,2.75,1.0,0.0
0.0,12.0,6166.210943671314,2.75,0.0,0.0
128.92655058896213,12.0,2944.319768042249,2.75,1.0,0.0
128.92655058896213,12.0,2944.319768042249,2.75,0.0,1.46754
116.92549513161705,12.0,5678.77934304146,2.75,1.0,0.0
116.92549513161705,12.0,5678.77934304146,2.75,0.0,0.00298
30.875923438975295,12.0,4949.256210411712,2.75,1.0,0.0
30.875923438975295,12.0,4949.256210411712,2.75,0.0,0.00401
126.10881792600854,12.0,3408.8226979535903,2.75,1.0,0.0
126.10881792600854,12.0,3408.8226979535903,2.75,0.0,0.50915
167.79501229347312,12.0,3008.158413399861,2.75,1.0,0.0
167.79501229347312,12.0,3008.158413399861,2.75,0.0,1.65638
198.09455523468515,12.0,3223.11288796324,2.75,1.0,0.0
198.09455523468515,12.0,3223.11288796324,2.75,0.0,1.21044
0.0,12.0,4302.846516522823,2.75,1.0,0.0
0.0,12.0,4302.846516522823,2.75,0.0,0.0
0.0,12.0,3149.6454216113675,1.75,1.0,0.0
0.0,12.0,3149.6454216113675,1.75,0.0,0.0
162.98273328839682,12.0,5018.787387887064,1.8333334,1.0,0.0
162.98273328839682,12.0,5018.787387887064,1.8333334,0.0,0.02223
713.6065673776454,12.0,3569.3170002073525,1.8333334,1.0,0.0
713.6065673776454,12.0,3569.3170002073525,1.8333334,0.0,2.47091
693.8908592607929,12.0,3569.3170002073525,1.8333334,1.0,0.0
693.8908592607929,12.0,3569.3170002073525,1.8333334,0.0,2.40264
678.6373465821418,12.0,4177.816168373409,1.8333334,1.0,0.0
678.6373465821418,12.0,4177.816168373409,1.8333334,0.0,0.60442
0.0,12.0,3091.022223257467,2.75,1.0,0.0
0.0,12.0,3091.022223257467,2.75,0.0,0.0
0.0,12.0,6166.085288435291,2.75,1.0,0.0
0.0,12.0,6166.085288435291,2.75,0.0,0.0
128.92653194226972,12.0,2991.093930969783,2.75,1.0,0.0
128.92653194226972,12.0,2991.093930969783,2.75,0.0,1.32209
146.1568503963506,12.0,5592.367875562571,2.75,1.0,0.0
146.1568503963506,12.0,5592.367875562571,2.75,0.0,0.00452
34.997549574668035,12.0,4939.066374011029,2.75,1.0,0.0
34.997549574668035,12.0,4939.066374011029,2.75,0.0,0.00465
126.10880892125716,12.0,3422.8877371169287,2.75,1.0,0.0
126.10880892125716,12.0,3422.8877371169287,2.75,0.0,0.49342
167.7950436633566,12.0,3006.559198653638,2.75,1.0,0.0
167.7950436633566,12.0,3006.559198653638,2.75,0.0,1.66231
198.09455339436775,12.0,3139.2532109748336,2.75,1.0,0.0
198.09455339436775,12.0,3139.2532109748336,2.75,0.0,1.45952
0.0,12.0,4320.476182837981,2.75,1.0,0.0
0.0,12.0,4320.476182837981,2.75,0.0,0.0
0.0,12.0,3160.8692471050595,1.75,1.0,0.0
0.0,12.0,3160.8692471050595,1.75,0.0,0.0
162.98273328839682,12.0,5023.700357834417,1.8333334,1.0,0.0
162.98273328839682,12.0,5023.700357834417,1.8333334,0.0,0.02198
714.4547797881391,12.0,3542.8098162797905,1.8333334,1.0,0.0
714.4547797881391,12.0,3542.8098162797905,1.8333334,0.0,2.62458
678.6373465821418,12.0,4200.410749651294,1.8333334,1.0,0.0
678.6373465821418,12.0,4200.410749651294,1.8333334,0.0,0.5747
0.0,12.0,3097.11505108168,2.75,1.0,0.0
0.0,12.0,3097.11505108168,2.75,0.0,0.0
149.84257098482453,12.0,6018.712619300927,2.75,1.0,0.0
149.84257098482453,12.0,6018.712619300927,2.75,0.0,0.00179
12.892652168098149,12.0,2992.3696111145196,2.75,1.0,0.0
12.892652168098149,12.0,2992.3696111145196,2.75,0.0,0.13183
146.15682982203572,12.0,5496.611938101177,2.75,1.0,0.0
146.15682982203572,12.0,5496.611938101177,2.75,0.0,0.00559
116.65849658316375,12.0,4879.375258915261,2.75,1.0,0.0
116.65849658316375,12.0,4879.375258915261,2.75,0.0,0.0177
64.71943749306146,12.0,3421.5906551031876,2.75,1.0,0.0
64.71943749306146,12.0,3421.5906551031876,2.75,0.0,0.25396
50.338519216316655,12.0,2999.5856097035007,2.75,1.0,0.0
50.338519216316655,12.0,2999.5856097035007,2.75,0.0,0.50651
112.5879663601056,12.0,3100.651789815749,2.75,1.0,0.0
112.5879663601056,12.0,3100.651789815749,2.75,0.0,0.90415
0.0,12.0,4336.388117902059,2.75,1.0,0.0
0.0,12.0,4336.388117902059,2.75,0.0,0.0
0.0,12.0,3152.046949177333,1.75,1.0,0.0
0.0,12.0,3152.046949177333,1.75,0.0,0.0
162.98273328839682,12.0,5025.665924461316,1.8333334,1.0,0.0
162.98273328839682,12.0,5025.665924461316,1.8333334,0.0,0.02189
678.136901712468,12.0,3499.2000653381815,1.8333334,1.0,0.0
678.136901712468,12.0,3499.2000653381815,1.8333334,0.0,2.74578
649.9371728674375,12.0,3499.2000653381815,1.8333334,1.0,0.0
649.9371728674375,12.0,3499.2000653381815,1.8333334,0.0,2.63159
678.6373465821418,12.0,4208.607289137751,1.8333334,1.0,0.0
678.6373465821418,12.0,4208.607289137751,1.8333334,0.0,0.56429
0.0,12.0,3087.706716658713,2.75,1.0,0.0
0.0,12.0,3087.706716658713,2.75,0.0,0.0
166.4917749466222,12.0,5858.527691706963,2.75,1.0,0.0
166.4917749466222,12.0,5858.527691706963,2.75,0.0,0.00284
0.0,12.0,2982.7094256496434,2.75,1.0,0.0
0.0,12.0,2982.7094256496434,2.75,0.0,0.0
73.07840719603129,12.0,5446.677012419195,2.75,1.0,0.0
73.07840719603129,12.0,5446.677012419195,2.75,0.0,0.00313
58.32924713262242,12.0,4854.050661731074,2.75,1.0,0.0
58.32924713262242,12.0,4854.050661731074,2.75,0.0,0.00936
131.3218067622057,12.0,3430.1675178425444,2.75,1.0,0.0
131.3218067622057,12.0,3430.1675178425444,2.75,0.0,0.50553
0.0,12.0,2990.667077034503,2.75,1.0,0.0
0.0,12.0,2990.667077034503,2.75,0.0,0.0
0.0,12.0,3100.651789815749,2.75,1.0,0.0
0.0,12.0,3100.651789815749,2.75,0.0,0.0
61.8247147192754,12.0,4315.129678580814,2.75,1.0,0.0
61.8247147192754,12.0,4315.129678580814,2.75,0.0,0.03303
0.0,12.0,3159.1750356078433,1.75,1.0,0.0
0.0,12.0,3159.1750356078433,1.75,0.0,0.0
162.98273328839682,12.0,5022.868851507748,1.8333334,1.0,0.0
162.98273328839682,12.0,5022.868851507748,1.8333334,0.0,0.02202
679.7133386526289,12.0,3477.398930178479,1.8333334,1.0,0.0
679.7133386526289,12.0,3477.398930178479,1.8333334,0.0,2.88936
727.4635808207768,12.0,4285.236698100779,1.8333334,1.0,0.0
727.4635808207768,12.0,4285.236698100779,1.8333334,0.0,0.50981
157.3821211697083,12.0,3091.449311407569,2.75,1.0,0.0
157.3821211697083,12.0,3091.449311407569,2.75,0.0,1.29009
166.4918059052782,12.0,5689.282601724961,2.75,1.0,0.0
166.4918059052782,12.0,5689.282601724961,2.75,0.0,0.00414
0.0,12.0,2956.28278936075,2.75,1.0,0.0
0.0,12.0,2956.28278936075,2.75,0.0,0.0
0.0,12.0,5431.620716755714,2.75,1.0,0.0
0.0,12.0,5431.620716755714,2.75,0.0,0.0
0.0,12.0,4845.086396580862,2.75,1.0,0.0
0.0,12.0,4845.086396580862,2.75,0.0,0.0
131.32182622584693,12.0,3451.3356715265377,2.75,1.0,0.0
131.32182622584693,12.0,3451.3356715265377,2.75,0.0,0.48221
0.0,12.0,2976.6602374642976,2.75,1.0,0.0
0.0,12.0,2976.6602374642976,2.75,0.0,0.0
0.0,12.0,3086.0399307816356,2.75,1.0,0.0
0.0,12.0,3086.0399307816356,2.75,0.0,0.0
154.56179722844453,12.0,4251.270524455337,2.75,1.0,0.0
154.56179722844453,12.0,4251.270524455337,2.75,0.0,0.09523
0.0,12.0,3151.48145274938,1.75,1.0,0.0
0.0,12.0,3151.48145274938,1.75,0.0,0.0
162.98273328839682,12.0,4994.707689840212,1.8333334,1.0,0.0
162.98273328839682,12.0,4994.707689840212,1.8333334,0.0,0.02345
679.7133386526289,12.0,3460.276338537269,1.8333334,1.0,0.0
679.7133386526289,12.0,3460.276338537269,1.8333334,0.0,3.00189
801.8424868491638,12.0,4369.6377079484955,1.8333334,1.0,0.0
801.8424868491638,12.0,4369.6377079484955,1.8333334,0.0,0.46547
174.86899790338717,12.0,3120.1188419916202,2.75,1.0,0.0
174.86899790338717,12.0,3120.1188419916202,2.75,0.0,1.3446
166.49183686422808,12.0,5534.526829868036,2.75,1.0,0.0
166.49183686422808,12.0,5534.526829868036,2.75,0.0,0.00585
0.0,12.0,2945.2213390054917,2.75,1.0,0.0
0.0,12.0,2945.2213390054917,2.75,0.0,0.0
0.0,12.0,5397.189096338978,2.75,1.0,0.0
0.0,12.0,5397.189096338978,2.75,0.0,0.0
0.0,12.0,4819.662943957459,2.75,1.0,0.0
0.0,12.0,4819.662943957459,2.75,0.0,0.0
39.39655166304376,12.0,3439.0683268347516,2.75,1.0,0.0
39.39655166304376,12.0,3439.0683268347516,2.75,0.0,0.14868
148.1205126092577,12.0,2993.069147843736,2.75,1.0,0.0
148.1205126092577,12.0,2993.069147843736,2.75,0.0,1.51224
0.0,12.0,3073.540237861662,2.75,1.0,0.0
0.0,12.0,3073.540237861662,2.75,0.0,0.0
108.1932669248228,12.0,4211.03283345569,2.75,1.0,0.0
108.1932669248228,12.0,4211.03283345569,2.75,0.0,0.07293
77.07442484732455,12.0,3121.947305214713,1.75,1.0,0.0
77.07442484732455,12.0,3121.947305214713,1.75,0.0,0.73778
162.98273328839682,12.0,4977.2947281860925,1.8333334,1.0,0.0
162.98273328839682,12.0,4977.2947281860925,1.8333334,0.0,0.02438
679.7133386526289,12.0,3455.0886448846554,1.8333334,1.0,0.0
679.7133386526289,12.0,3455.0886448846554,1.8333334,0.0,3.03684
867.0347289958285,12.0,4445.616785234396,1.8333334,1.0,0.0
867.0347289958285,12.0,4445.616785234396,1.8333334,0.0,0.42483
174.86897093694787,12.0,3172.692344143366,2.75,1.0,0.0
174.86897093694787,12.0,3172.692344143366,2.75,0.0,1.19576
124.78785157785092,12.0,5406.464813611335,2.75,1.0,0.0
124.78785157785092,12.0,5406.464813611335,2.75,0.0,0.00584
0.0,12.0,2953.733143351446,2.75,1.0,0.0
0.0,12.0,2953.733143351446,2.75,0.0,0.0
88.5464219948769,12.0,5428.116666197009,2.75,1.0,0.0
88.5464219948769,12.0,5428.116666197009,2.75,0.0,0.00395
0.0,12.0,4823.866440291897,2.75,1.0,0.0
0.0,12.0,4823.866440291897,2.75,0.0,0.0
0.0,12.0,3436.3879174966146,2.75,1.0,0.0
0.0,12.0,3436.3879174966146,2.75,0.0,0.0
185.15066901009303,12.0,3037.9619522374874,2.75,1.0,0.0
185.15066901009303,12.0,3037.9619522374874,2.75,0.0,1.71011
34.70659543021011,12.0,3077.9058448699343,2.75,1.0,0.0
34.70659543021011,12.0,3077.9058448699343,2.75,0.0,0.29323
108.1932669248228,12.0,4202.4615573390465,2.75,1.0,0.0
108.1932669248228,12.0,4202.4615573390465,2.75,0.0,0.07433
154.14884665825187,12.0,3093.828857721426,1.75,1.0,0.0
154.14884665825187,12.0,3093.828857721426,1.75,0.0,1.57112
162.98273328839682,12.0,4956.75298057849,1.8333334,1.0,0.0
162.98273328839682,12.0,4956.75298057849,1.8333334,0.0,0.02553
693.560079721749,12.0,3503.0598378600203,1.8333334,1.0,0.0
693.560079721749,12.0,3503.0598378600203,1.8333334,0.0,2.78414
685.1504957116347,12.0,4370.62880122936,1.8333334,1.0,0.0
685.1504957116347,12.0,4370.62880122936,1.8333334,0.0,0.39686
63.13713388324154,12.0,3180.5148302039975,2.75,1.0,0.0
63.13713388324154,12.0,3180.5148302039975,2.75,0.0,0.42426
95.59097582469224,12.0,5379.171932311471,2.75,1.0,0.0
95.59097582469224,12.0,5379.171932311471,2.75,0.0,0.00475
0.0,12.0,2952.3278733927023,2.75,1.0,0.0
0.0,12.0,2952.3278733927023,2.75,0.0,0.0
0.0,12.0,5417.88726919714,2.75,1.0,0.0
0.0,12.0,5417.88726919714,2.75,0.0,0.0
0.0,12.0,4816.358972771056,2.75,1.0,0.0
0.0,12.0,4816.358972771056,2.75,0.0,0.0
0.0,12.0,3427.4094761699093,2.75,1.0,0.0
0.0,12.0,3427.4094761699093,2.75,0.0,0.0
185.1507003964902,12.0,3093.5951670515406,2.75,1.0,0.0
185.1507003964902,12.0,3093.5951670515406,2.75,0.0,1.51046
160.44309176630148,12.0,3119.38775672951,2.75,1.0,0.0
160.44309176630148,12.0,3119.38775672951,2.75,0.0,1.23569
0.0,12.0,4189.672922806564,2.75,1.0,0.0
0.0,12.0,4189.672922806564,2.75,0.0,0.0
231.22326543428295,12.0,3067.3924829920165,1.75,1.0,0.0
231.22326543428295,12.0,3067.3924829920165,1.75,0.0,2.49988
162.98273328839682,12.0,4960.069425890107,1.8333334,1.0,0.0
162.98273328839682,12.0,4960.069425890107,1.8333334,0.0,0.02534
774.699325355039,12.0,3573.079932901448,1.8333334,1.0,0.0
774.699325355039,12.0,3573.079932901448,1.8333334,0.0,2.66001
570.0359351625382,12.0,4280.802352475054,1.8333334,1.0,0.0
570.0359351625382,12.0,4280.802352475054,1.8333334,0.0,0.40346
198.5172681904136,12.0,3113.4495248082526,2.75,1.0,0.0
198.5172681904136,12.0,3113.4495248082526,2.75,0.0,1.54933
0.0,12.0,5372.231836607844,2.75,1.0,0.0
0.0,12.0,5372.231836607844,2.75,0.0,0.0
0.0,12.0,2958.1029261875206,2.75,1.0,0.0
0.0,12.0,2958.1029261875206,2.75,0.0,0.0
0.0,12.0,5413.333930385344,2.75,1.0,0.0
0.0,12.0,5413.333930385344,2.75,0.0,0.0
0.0,12.0,4821.861088999719,2.75,1.0,0.0
0.0,12.0,4821.861088999719,2.75,0.0,0.0
132.58752883929512,12.0,3435.1811509298764,2.75,1.0,0.0
132.58752883929512,12.0,3435.1811509298764,2.75,0.0,0.50473
148.26900167909474,12.0,3158.7251695779473,2.75,1.0,0.0
148.26900167909474,12.0,3158.7251695779473,2.75,0.0,1.04597
160.44307621187218,12.0,3156.1461099510875,2.75,1.0,0.0
160.44307621187218,12.0,3156.1461099510875,2.75,0.0,1.13838
0.0,12.0,4170.635533937894,2.75,1.0,0.0
0.0,12.0,4170.635533937894,2.75,0.0,0.0
308.29768117873357,12.0,3078.808275093854,1.75,1.0,0.0
308.29768117873357,12.0,3078.808275093854,1.75,0.0,3.24934
162.98273328839682,12.0,4983.338803091219,1.8333334,1.0,0.0
162.98273328839682,12.0,4983.338803091219,1.8333334,0.0,0.02406
775.5967798625124,12.0,3650.20995600869,1.8333334,1.0,0.0
775.5967798625124,12.0,3650.20995600869,1.8333334,0.0,2.24202
720.1149000463053,12.0,3650.20995600869,1.8333334,1.0,0.0
720.1149000463053,12.0,3650.20995600869,1.8333334,0.0,2.08164
397.04039464683837,12.0,4172.963511706291,1.8333334,1.0,0.0
397.04039464683837,12.0,4172.963511706291,1.8333334,0.0,0.35747
290.63907522813065,12.0,4172.963511706291,1.8333334,1.0,0.0
290.63907522813065,12.0,4172.963511706291,1.8333334,0.0,0.26167
397.0345736752198,12.0,3055.680179797849,2.75,1.0,0.0
397.0345736752198,12.0,3055.680179797849,2.75,0.0,3.52498
0.0,12.0,5397.972485487325,2.75,1.0,0.0
0.0,12.0,5397.972485487325,2.75,0.0,0.0
0.0,12.0,2945.8537349987237,2.75,1.0,0.0
0.0,12.0,2945.8537349987237,2.75,0.0,0.0
0.0,12.0,5396.216717076162,2.75,1.0,0.0
0.0,12.0,5396.216717076162,2.75,0.0,0.0
77.04829874991053,12.0,4849.231713009926,2.75,1.0,0.0
77.04829874991053,12.0,4849.231713009926,2.75,0.0,0.0125
147.31949935932798,12.0,3456.0172273222124,2.75,1.0,0.0
147.31949935932798,12.0,3456.0172273222124,2.75,0.0,0.53533
174.29336547806705,12.0,3225.6838650276445,2.75,1.0,0.0
174.29336547806705,12.0,3225.6838650276445,2.75,0.0,1.05891
160.443060651224,12.0,3194.8226820771056,2.75,1.0,0.0
160.443060651224,12.0,3194.8226820771056,2.75,0.0,1.04426
0.0,12.0,4154.1261496790785,2.75,1.0,0.0
0.0,12.0,4154.1261496790785,2.75,0.0,0.0
